source_id,title,publisher_author,url,locator,source_type,confidence,notes
S01,Ottawa District — Then and Now: Freemasonry in Eastern Ontario 1855–2010,Ottawa District One / Michael Jenkyns,https://www.ottawadistrict1masons.ca/images/documents/District_1_History_1855_2010.pdf,pp. 356–359 (PDF viewer pages); Carleton Lodge section,Primary-source-derived district history citing Grand Lodge Proceedings and Lodge records,high,"Core source for founding, fire, temporary locations, church transfer, Le Havre, dedication, leadership, membership."
S02,Carp Heritage Walk — About,Carp Heritage Walk,https://www.carpheritagewalk.ca/about,Source acknowledgements,Local-history project with explicit image provenance,high,Names LAC photo IDs PA-122498 and C-12167; states HTHS supplied photographs with permission.
S03,Carp Heritage Walk — History of Carp,Carp Heritage Walk,https://www.carpheritagewalk.ca/history-of-carp,History page,Local-history synthesis,medium-high,Documents Kidd Street circa 1910 image and credits HTHS; identifies St. Andrew's as 1876.
S04,Carp United Church fonds,Library and Archives Canada,https://recherche-collection-search.bac-lac.gc.ca/eng/home/record?app=FonAndCol&idnumber=102816,R14519-0-0-E / MG9-D7-20,Archival catalogue,high,"Microfilm M-816 and M-817 includes St. Andrew's trustee minutes, membership and church records through 1929; important for resolving transfer chronology."
S05,Huntley Township Historical Society — Publications,Huntley Township Historical Society,https://huntleyhistory.ca/publications.html,Publications list,Local historical society,high,"Identifies pictorial history, Fire booklet, Carp Review material, Lest We Forget and other likely image/history sources."
S06,The Origins and Early History of Carp Village,Huntley Township Historical Society / Dr. Bruce Elliott,https://huntleyhistory.ca/books/origins.html,Book description,Scholarly local history,high,Useful for village/Kidd context; photographs were scanned/enhanced for HTHS publication.
S07,Les loges militaires anglaises en France durant la Grande Guerre,Yves Hivert-Messeca,https://yveshivertmesseca.wordpress.com/2016/09/04/les-loges-militaires-anglaises-en-france-durant-la-grande-guerre-1914-1918/,Le Havre section,Secondary French Masonic history,medium,Independent secondary corroboration that Le Havre de Grâce No. 4 closed in 1919 and its archives/furniture were acquired by Carleton Lodge.
S08,Retired Carleton Lodge website,Carleton Lodge No. 465,https://carletonlodge465.com/,Home/About legacy content,Lodge secondary source,medium,"Useful for legacy photographs/captions and oral-tradition material; contains internal date inconsistencies, so not authoritative."
S09,Ottawa District One current Lodge listing,Ottawa District One,https://www.ottawadistrict1masons.ca/district/lodges,Carleton Lodge entry,Current district listing,high,Confirms current Lodge location at 3704 Carp Road.
