original_filename,curated_filename,category,description,known_date,known_people,source,original_url,wayback_recovery_url,suitable_for_public_display,identification_research_required,original_path,curated_path,bytes,sha256
arctic_char_signage_2014.preview.jpg,arctic-char-dinner-roadside-sign-2014.jpg,community-events,"Roadside letter-board sign advertising ""ARCTIC CHAR DINNER & DANCE — $35 TICKETS — MAY 2"", with a Carleton Masonic Lodge sign mounted beside it.",2014-05-02 event; EXIF DateTimeOriginal 2014-04-29,,Archived Carleton Lodge No. 465 website,http://carletonlodge465.com/sites/carletonlodge465.com/files/images/arctic_char_signage_2014.preview.jpg,https://web.archive.org/web/20140518211736id_/http://carletonlodge465.com/sites/carletonlodge465.com/files/images/arctic_char_signage_2014.preview.jpg,yes,no,history/archive/legacy-owned/originals/community-events/arctic_char_signage_2014.preview.jpg,history/archive/legacy-owned/curated/community-events/arctic-char-dinner-roadside-sign-2014.jpg,65418,8ce5f1c55cefadcf0af5c09ae0badad0b6a8d60587a7a56f52b39c1a4986c73d
char-poster-2014.preview.jpg,,community-events,"Printed promotional poster for the Carleton Masonic Lodge Arctic Char Dinner & Dance, Friday 2 May 2014 at the Carp Agricultural Hall, 3790 Carp Rd. NOT SUITABLE FOR PUBLICATION AS-IS: the poster prints a named member's personal telephone number and personal email address. Redact before any public use.",2014-05-02 (printed on the poster),Poster names a member as ticket contact (personal contact details shown).,Archived Carleton Lodge No. 465 website,http://carletonlodge465.com/sites/carletonlodge465.com/files/images/char-poster-2014.preview.jpg,https://web.archive.org/web/20140518221723id_/http://carletonlodge465.com/sites/carletonlodge465.com/files/images/char-poster-2014.preview.jpg,no,no,history/archive/legacy-owned/originals/community-events/char-poster-2014.preview.jpg,,69544,4f42a9a8572b6801db38a6a4efd72db25f0790181d460b49d5170b1aef3732c1
img_5692.thumbnail.jpg,,community-events,Indoor evening function: a lectern and lamp in a darkened hall. 100px thumbnail.,,,Archived Carleton Lodge No. 465 website,http://www.carletonlodge465.com/sites/carletonlodge465.com/files/images/img_5692.thumbnail.jpg,https://web.archive.org/web/20150826014704id_/http://www.carletonlodge465.com/sites/carletonlodge465.com/files/images/img_5692.thumbnail.jpg,yes,yes,history/archive/legacy-owned/originals/community-events/img_5692.thumbnail.jpg,,1377,c721d485eb6b66a7892b4daabd88972aaecdd9996b63f2de6c2bf6d072802aa7
img_5693.thumbnail.jpg,,community-events,Indoor evening function: a table with a lamp and dark surroundings. 100px thumbnail.,,,Archived Carleton Lodge No. 465 website,http://www.carletonlodge465.com/sites/carletonlodge465.com/files/images/img_5693.thumbnail.jpg,https://web.archive.org/web/20160527164213id_/http://www.carletonlodge465.com/sites/carletonlodge465.com/files/images/img_5693.thumbnail.jpg,yes,yes,history/archive/legacy-owned/originals/community-events/img_5693.thumbnail.jpg,,1696,727320c2acc7c96c6d6e7d17b044168f3014f5957f5fa261e9025558f92f3862
img_5695.thumbnail.jpg,,community-events,"Banquet hall with rows of chairs and tables set for a function, people standing at the back. 100px thumbnail.",,,Archived Carleton Lodge No. 465 website,http://www.carletonlodge465.com/sites/carletonlodge465.com/files/images/img_5695.thumbnail.jpg,https://web.archive.org/web/20150826014515id_/http://www.carletonlodge465.com/sites/carletonlodge465.com/files/images/img_5695.thumbnail.jpg,yes,yes,history/archive/legacy-owned/originals/community-events/img_5695.thumbnail.jpg,,2380,a02b20392c4110d4a13891c1923807aacde3a9888716ae2632f399948fe02a55
img_5698.thumbnail.jpg,,community-events,Corner of a function room with lighting stand and doorway. 100px thumbnail.,,,Archived Carleton Lodge No. 465 website,http://www.carletonlodge465.com/sites/carletonlodge465.com/files/images/img_5698.thumbnail.jpg,https://web.archive.org/web/20150826033451id_/http://www.carletonlodge465.com/sites/carletonlodge465.com/files/images/img_5698.thumbnail.jpg,yes,yes,history/archive/legacy-owned/originals/community-events/img_5698.thumbnail.jpg,,1324,1ce394efbf1b2bd823fd7e837533054aa0e7df19eaeaf6c885ac4119864e7248
img_5700.thumbnail.jpg,,community-events,"Banquet table detail: a lit candle in a glass holder, printed menu or programme cards and table settings. 100px thumbnail.",,,Archived Carleton Lodge No. 465 website,http://www.carletonlodge465.com/sites/carletonlodge465.com/files/images/img_5700.thumbnail.jpg,https://web.archive.org/web/20150826010637id_/http://www.carletonlodge465.com/sites/carletonlodge465.com/files/images/img_5700.thumbnail.jpg,yes,yes,history/archive/legacy-owned/originals/community-events/img_5700.thumbnail.jpg,,2372,51aefeaad3502c7974fab339947674e3084720dfbf806a5e771080f063a16d68
img_5700_0.thumbnail.jpg,,community-events,Duplicate capture of the banquet table detail with candle and printed cards. 100px thumbnail.,,,Archived Carleton Lodge No. 465 website,http://www.carletonlodge465.com/sites/carletonlodge465.com/files/images/img_5700_0.thumbnail.jpg,https://web.archive.org/web/20160527120351id_/http://www.carletonlodge465.com/sites/carletonlodge465.com/files/images/img_5700_0.thumbnail.jpg,yes,yes,history/archive/legacy-owned/originals/community-events/img_5700_0.thumbnail.jpg,,2372,51aefeaad3502c7974fab339947674e3084720dfbf806a5e771080f063a16d68
img_5705.thumbnail.jpg,,community-events,"Three men in formal dress standing and talking at the function, one holding a microphone. 100px thumbnail.",,,Archived Carleton Lodge No. 465 website,http://www.carletonlodge465.com/sites/carletonlodge465.com/files/images/img_5705.thumbnail.jpg,https://web.archive.org/web/20150826005806id_/http://www.carletonlodge465.com/sites/carletonlodge465.com/files/images/img_5705.thumbnail.jpg,yes,yes,history/archive/legacy-owned/originals/community-events/img_5705.thumbnail.jpg,,1898,6dd032ac9ae994ee9dbf0f396a1f28bd7edb153abe862a1b8fd80a5beded2236
img_5706.thumbnail.jpg,,community-events,Two men in formal dress reading from a document at the function. 100px thumbnail.,,,Archived Carleton Lodge No. 465 website,http://www.carletonlodge465.com/sites/carletonlodge465.com/files/images/img_5706.thumbnail.jpg,https://web.archive.org/web/20150826010104id_/http://www.carletonlodge465.com/sites/carletonlodge465.com/files/images/img_5706.thumbnail.jpg,yes,yes,history/archive/legacy-owned/originals/community-events/img_5706.thumbnail.jpg,,1899,10e73e3178f780afbee4164c44fe70bf5094d584759e7551cdcd92d21ae2fa8c
img_5713.thumbnail.jpg,,community-events,A man in a suit standing beside a screen or display at the function. 100px thumbnail.,,,Archived Carleton Lodge No. 465 website,http://www.carletonlodge465.com/sites/carletonlodge465.com/files/images/img_5713.thumbnail.jpg,https://web.archive.org/web/20150826011923id_/http://www.carletonlodge465.com/sites/carletonlodge465.com/files/images/img_5713.thumbnail.jpg,yes,yes,history/archive/legacy-owned/originals/community-events/img_5713.thumbnail.jpg,,1637,4317d340b833d068e34ee9e62a9385d85d89af122c8b3275606d647e8ec2508d
img_5715.thumbnail.jpg,,community-events,A man in formal dress standing at the front of the room. 100px thumbnail.,,,Archived Carleton Lodge No. 465 website,http://www.carletonlodge465.com/sites/carletonlodge465.com/files/images/img_5715.thumbnail.jpg,https://web.archive.org/web/20150826011359id_/http://www.carletonlodge465.com/sites/carletonlodge465.com/files/images/img_5715.thumbnail.jpg,yes,yes,history/archive/legacy-owned/originals/community-events/img_5715.thumbnail.jpg,,1389,7f8808a4b376ecba3ece069fdf270d4b42ee009a69dbf5f07c83be6c2c2d87d0
img_5716.thumbnail.jpg,,community-events,"Three men in formal dress at the function, one holding a long object presented between them. 100px thumbnail.",,,Archived Carleton Lodge No. 465 website,http://www.carletonlodge465.com/sites/carletonlodge465.com/files/images/img_5716.thumbnail.jpg,https://web.archive.org/web/20150826011656id_/http://www.carletonlodge465.com/sites/carletonlodge465.com/files/images/img_5716.thumbnail.jpg,yes,yes,history/archive/legacy-owned/originals/community-events/img_5716.thumbnail.jpg,,1529,91cdceb2aeccbefbfe62efa20ca601c768f9c635638afa13ea909b63e5520796
img_5720.thumbnail.jpg,,community-events,A man in a suit speaking at the function. 100px thumbnail.,,,Archived Carleton Lodge No. 465 website,http://www.carletonlodge465.com/sites/carletonlodge465.com/files/images/img_5720.thumbnail.jpg,https://web.archive.org/web/20150826015149id_/http://www.carletonlodge465.com/sites/carletonlodge465.com/files/images/img_5720.thumbnail.jpg,yes,yes,history/archive/legacy-owned/originals/community-events/img_5720.thumbnail.jpg,,1114,6599c7ae20667c0ad50edbab2ae23fdfafced86d8e3da6da1d16b3a4726ce214
img_5723.thumbnail.jpg,,community-events,"Two men shaking hands at the function, one in formal dress. 100px thumbnail.",,,Archived Carleton Lodge No. 465 website,http://www.carletonlodge465.com/sites/carletonlodge465.com/files/images/img_5723.thumbnail.jpg,https://web.archive.org/web/20150826015127id_/http://www.carletonlodge465.com/sites/carletonlodge465.com/files/images/img_5723.thumbnail.jpg,yes,yes,history/archive/legacy-owned/originals/community-events/img_5723.thumbnail.jpg,,1827,61b04f70efc8dd2229151699e0e969a072702e4f88c60d519dd1195a314d29b0
img_5728.thumbnail.jpg,,community-events,A young man in formal dress standing at the front of the room. 100px thumbnail.,,,Archived Carleton Lodge No. 465 website,http://www.carletonlodge465.com/sites/carletonlodge465.com/files/images/img_5728.thumbnail.jpg,https://web.archive.org/web/20150826014819id_/http://www.carletonlodge465.com/sites/carletonlodge465.com/files/images/img_5728.thumbnail.jpg,yes,yes,history/archive/legacy-owned/originals/community-events/img_5728.thumbnail.jpg,,1430,4c785d44be6b7b5b1550a6573a04bb7ec91ce0a289585d76f13ea88152a75d2c
img_5729.thumbnail.jpg,,community-events,A man in light-coloured shirt standing at a lectern. 100px thumbnail.,,,Archived Carleton Lodge No. 465 website,http://www.carletonlodge465.com/sites/carletonlodge465.com/files/images/img_5729.thumbnail.jpg,https://web.archive.org/web/20150826033502id_/http://www.carletonlodge465.com/sites/carletonlodge465.com/files/images/img_5729.thumbnail.jpg,yes,yes,history/archive/legacy-owned/originals/community-events/img_5729.thumbnail.jpg,,1219,ff2565a68c89d9153833878ef345e24dad226a3a62c4bb3a5c55f07e14b17716
img_5733.thumbnail.jpg,,community-events,Two men in formal dress posed together for the camera. 100px thumbnail.,,,Archived Carleton Lodge No. 465 website,http://www.carletonlodge465.com/sites/carletonlodge465.com/files/images/img_5733.thumbnail.jpg,https://web.archive.org/web/20160527124451id_/http://www.carletonlodge465.com/sites/carletonlodge465.com/files/images/img_5733.thumbnail.jpg,yes,yes,history/archive/legacy-owned/originals/community-events/img_5733.thumbnail.jpg,,1648,89ab31fe594bdeb6d88ac7e1072e19e1c6fcb4f4f13ce23053a261c255e246f6
img_5734.thumbnail.jpg,,community-events,Two men in formal dress posed together for the camera. 100px thumbnail.,,,Archived Carleton Lodge No. 465 website,http://www.carletonlodge465.com/sites/carletonlodge465.com/files/images/img_5734.thumbnail.jpg,https://web.archive.org/web/20150826033440id_/http://www.carletonlodge465.com/sites/carletonlodge465.com/files/images/img_5734.thumbnail.jpg,yes,yes,history/archive/legacy-owned/originals/community-events/img_5734.thumbnail.jpg,,1689,d2e0c21d67bd803995ebba3011fd5f474bd35439e363c296103c48eb137c264e
img_5736.thumbnail.jpg,,community-events,A group of young people in matching dark sweatshirts posed together in front of a banner. 100px thumbnail.,,,Archived Carleton Lodge No. 465 website,http://www.carletonlodge465.com/sites/carletonlodge465.com/files/images/img_5736.thumbnail.jpg,https://web.archive.org/web/20150826013922id_/http://www.carletonlodge465.com/sites/carletonlodge465.com/files/images/img_5736.thumbnail.jpg,yes,yes,history/archive/legacy-owned/originals/community-events/img_5736.thumbnail.jpg,,2492,d0edc2fab222ea257fab1f69ac7b0c7e8b20d56c3c77ed47490583ec438681a9
p6260008_0.thumbnail.jpg,,community-events,Members and guests seated at tables in a hall during a social function. 100px thumbnail.,,,Archived Carleton Lodge No. 465 website,http://www.carletonlodge465.com/sites/carletonlodge465.com/files/images/p6260008_0.thumbnail.jpg,https://web.archive.org/web/20160527164147id_/http://www.carletonlodge465.com/sites/carletonlodge465.com/files/images/p6260008_0.thumbnail.jpg,yes,yes,history/archive/legacy-owned/originals/community-events/p6260008_0.thumbnail.jpg,,2043,69136799b9dee2cd6550c1f8a0566af53b87d3754599335d38aca08ea5448c0d
p6260009.thumbnail.jpg,,community-events,"A decorated sheet cake iced with ""Congratulations Carleton Lodge"" above a maple-leaf square-and-compasses emblem, with a two-part year range iced beneath. The year range is NOT legible at the only archived resolution (100x56) and must not be quoted without confirmation.",,,Archived Carleton Lodge No. 465 website,http://www.carletonlodge465.com/sites/carletonlodge465.com/files/images/p6260009.thumbnail.jpg,https://web.archive.org/web/20160527164125id_/http://www.carletonlodge465.com/sites/carletonlodge465.com/files/images/p6260009.thumbnail.jpg,yes,yes,history/archive/legacy-owned/originals/community-events/p6260009.thumbnail.jpg,,1949,16e413af27a9667b644df4b70ee1dc9a233a4efe8b84a6c7239926de9561537a
p6260010.thumbnail.jpg,,community-events,Two men in conversation at a table during the function. 100px thumbnail.,,,Archived Carleton Lodge No. 465 website,http://www.carletonlodge465.com/sites/carletonlodge465.com/files/images/p6260010.thumbnail.jpg,https://web.archive.org/web/20160527110707id_/http://www.carletonlodge465.com/sites/carletonlodge465.com/files/images/p6260010.thumbnail.jpg,yes,yes,history/archive/legacy-owned/originals/community-events/p6260010.thumbnail.jpg,,1764,8af516fd2e2b2924c9d75b06347d70037a07c9010f461d936e075962b625bc60
p6260011.thumbnail.jpg,,community-events,Men seated at a table during the function. 100px thumbnail.,,,Archived Carleton Lodge No. 465 website,http://www.carletonlodge465.com/sites/carletonlodge465.com/files/images/p6260011.thumbnail.jpg,https://web.archive.org/web/20160527110941id_/http://www.carletonlodge465.com/sites/carletonlodge465.com/files/images/p6260011.thumbnail.jpg,yes,yes,history/archive/legacy-owned/originals/community-events/p6260011.thumbnail.jpg,,1719,2b9af5eb93c5d25d1058f43cd538ab6d4c9aabc7a2b708d10dc69bd870b34f17
p6260012.thumbnail.jpg,,community-events,Guests standing and talking during the function. 100px thumbnail.,,,Archived Carleton Lodge No. 465 website,http://www.carletonlodge465.com/sites/carletonlodge465.com/files/images/p6260012.thumbnail.jpg,https://web.archive.org/web/20160527164817id_/http://www.carletonlodge465.com/sites/carletonlodge465.com/files/images/p6260012.thumbnail.jpg,yes,yes,history/archive/legacy-owned/originals/community-events/p6260012.thumbnail.jpg,,1368,9b28d6266c251b5d7821531e1349f5da611521468200a1ac3d2a8d598b98f26f
p6260013.thumbnail.jpg,,community-events,A man in formal dress seated beside another guest at the function. 100px thumbnail.,,,Archived Carleton Lodge No. 465 website,http://www.carletonlodge465.com/sites/carletonlodge465.com/files/images/p6260013.thumbnail.jpg,https://web.archive.org/web/20160527105638id_/http://www.carletonlodge465.com/sites/carletonlodge465.com/files/images/p6260013.thumbnail.jpg,yes,yes,history/archive/legacy-owned/originals/community-events/p6260013.thumbnail.jpg,,1804,aed2867a2a385deb79b2ffdf6faf9377200a977dd12717434bb5dedffb1cf75f
p6260014.thumbnail.jpg,,community-events,A man in formal dress standing and talking with seated guests. 100px thumbnail.,,,Archived Carleton Lodge No. 465 website,http://www.carletonlodge465.com/sites/carletonlodge465.com/files/images/p6260014.thumbnail.jpg,https://web.archive.org/web/20160527111532id_/http://www.carletonlodge465.com/sites/carletonlodge465.com/files/images/p6260014.thumbnail.jpg,yes,yes,history/archive/legacy-owned/originals/community-events/p6260014.thumbnail.jpg,,1896,47e5c25c38564047a24bf716fb1fb1c1d2e34eeea37d2f84659fae3848f3910b
p6260016.thumbnail.jpg,,community-events,Guests seated along a table at the function. 100px thumbnail.,,,Archived Carleton Lodge No. 465 website,http://www.carletonlodge465.com/sites/carletonlodge465.com/files/images/p6260016.thumbnail.jpg,https://web.archive.org/web/20160527112853id_/http://www.carletonlodge465.com/sites/carletonlodge465.com/files/images/p6260016.thumbnail.jpg,yes,yes,history/archive/legacy-owned/originals/community-events/p6260016.thumbnail.jpg,,1787,d95cf58e463dfc4302a25d8a0a1fd80a536701ce9dc3bb035da07159a9c3beb2
p6260018.thumbnail.jpg,,community-events,Guests in conversation during the function. 100px thumbnail.,,,Archived Carleton Lodge No. 465 website,http://www.carletonlodge465.com/sites/carletonlodge465.com/files/images/p6260018.thumbnail.jpg,https://web.archive.org/web/20160527105147id_/http://www.carletonlodge465.com/sites/carletonlodge465.com/files/images/p6260018.thumbnail.jpg,yes,yes,history/archive/legacy-owned/originals/community-events/p6260018.thumbnail.jpg,,1787,4cfb23b1d09b24b08716b4971c2d95c8ce5b48ed6bf7c2abaa72a50a24838ef6
p6260020.thumbnail.jpg,,community-events,A buffet table laid with platters of food at the function. 100px thumbnail.,,,Archived Carleton Lodge No. 465 website,http://www.carletonlodge465.com/sites/carletonlodge465.com/files/images/p6260020.thumbnail.jpg,https://web.archive.org/web/20160527123929id_/http://www.carletonlodge465.com/sites/carletonlodge465.com/files/images/p6260020.thumbnail.jpg,yes,yes,history/archive/legacy-owned/originals/community-events/p6260020.thumbnail.jpg,,2613,4b5e923845f2769b9ae2e31f175d180e63033e01db4523b3c82b63829a7299eb
CarletonDirections.jpg,carleton-lodge-directions-map.jpg,historical-lodge-building,"Hand-drawn directions map to the Lodge at 3704 Carp Rd, showing Carp, Carp Road, March Road, Marsh Road, Kanata, Ottawa and Highway 417.",,,Archived Carleton Lodge No. 465 website,http://www.carletonlodge465.com/sites/carletonlodge465.com/files/images/CarletonDirections.jpg,https://web.archive.org/web/20150825212557id_/http://www.carletonlodge465.com/sites/carletonlodge465.com/files/images/CarletonDirections.jpg,yes,no,history/archive/legacy-owned/originals/historical-lodge-building/CarletonDirections.jpg,history/archive/legacy-owned/curated/historical-lodge-building/carleton-lodge-directions-map.jpg,27617,3549f80065253d32a4c05fc863ce7f42f5b4c569709aeb518da960429be7ff19
CarletonLodge465-building.jpg,carleton-lodge-building-winter-exterior.jpg,historical-lodge-building,"Exterior of the Carleton Lodge building in winter: white clapboard gable-end structure with a pointed Gothic-arched window over the entrance, stone/painted lower course, snow on the ground.",,,Archived Carleton Lodge No. 465 website,http://www.carletonlodge465.com/sites/carletonlodge465.com/files/images/CarletonLodge465%20building.jpg,https://web.archive.org/web/20150825212750id_/http://www.carletonlodge465.com/sites/carletonlodge465.com/files/images/CarletonLodge465%20building.jpg,yes,no,history/archive/legacy-owned/originals/historical-lodge-building/CarletonLodge465-building.jpg,history/archive/legacy-owned/curated/historical-lodge-building/carleton-lodge-building-winter-exterior.jpg,14336,59cb27698e4be664769d4eda2fa667568d3564af249a572c3b0d276c8c78e31a
CarletonLodge465_building_spacevariant.jpg,,historical-lodge-building,"Byte-identical duplicate of CarletonLodge465-building.jpg, archived under a space-separated filename variant. Retained for provenance only.",,,Archived Carleton Lodge No. 465 website,http://www.carletonlodge465.com/sites/carletonlodge465.com/files/images/CarletonLodge465%20building.jpg,https://web.archive.org/web/20110201133655id_/http://www.carletonlodge465.com/sites/carletonlodge465.com/files/images/CarletonLodge465%20building.jpg,yes,no,history/archive/legacy-owned/originals/historical-lodge-building/CarletonLodge465_building_spacevariant.jpg,,14336,59cb27698e4be664769d4eda2fa667568d3564af249a572c3b0d276c8c78e31a
gallery-cover-2021.jpg,carleton-lodge-building-exterior-colour.jpg,historical-lodge-building,"Colour exterior photograph of the Lodge building in leaf-on season, showing the full side elevation, Gothic-arched window and entrance.",,,Archived Carleton Lodge No. 465 website,https://carletonlodge465.com/index.php/photos/img?js=0&format=raw&w=600&h=400&id=4:2021,https://web.archive.org/web/20251009174358id_/https://carletonlodge465.com/index.php/photos/img?js=0&format=raw&w=600&h=400&id=4:2021,yes,no,history/archive/legacy-owned/originals/historical-lodge-building/gallery-cover-2021.jpg,history/archive/legacy-owned/curated/historical-lodge-building/carleton-lodge-building-exterior-colour.jpg,34713,87137b661aea8a8d8e94eb7edd4d02df48170851276a9ab5003fc4d7996426ff
lodge-picture-3-sepia.jpg,carleton-lodge-building-sepia.jpg,historical-lodge-building,"Sepia-toned photograph of the Lodge building seen from the front corner, showing the Gothic-arched window, entrance steps and bare trees. Highest-resolution building image recovered (1282x1000).",,,Archived Carleton Lodge No. 465 website,https://carletonlodge465.com/images/site/lodge-picture-3-sepia.jpg,https://web.archive.org/web/20241212011111id_/https://carletonlodge465.com/images/site/lodge-picture-3-sepia.jpg,yes,no,history/archive/legacy-owned/originals/historical-lodge-building/lodge-picture-3-sepia.jpg,history/archive/legacy-owned/curated/historical-lodge-building/carleton-lodge-building-sepia.jpg,441428,03f3ab5f7d7766715b54b36908329059f5ebabf78b149fb908e6deddb0fd71a7
installation_1.thumbnail.jpg,installation-ceremony-01.jpg,installations,"Installation ceremony: members assembled around the Lodge room behind the pedestal and columns, chequered pavement in the foreground. 100px archived thumbnail.",,,Archived Carleton Lodge No. 465 website,http://www.carletonlodge465.com/sites/carletonlodge465.com/files/images/installation_1.thumbnail.jpg,https://web.archive.org/web/20160527165926id_/http://www.carletonlodge465.com/sites/carletonlodge465.com/files/images/installation_1.thumbnail.jpg,yes,yes,history/archive/legacy-owned/originals/installations/installation_1.thumbnail.jpg,history/archive/legacy-owned/curated/installations/installation-ceremony-01.jpg,2034,3939dacaea385ce558d4390b722a86722e7b9a036c81a667e84ba0cc86a75b76
installation_2.thumbnail.jpg,installation-ceremony-02.jpg,installations,"Installation ceremony: members standing in regalia behind the pedestal with red covering, flanked by the columns. 100px archived thumbnail.",,,Archived Carleton Lodge No. 465 website,http://www.carletonlodge465.com/sites/carletonlodge465.com/files/images/installation_2.thumbnail.jpg,https://web.archive.org/web/20160527225442id_/http://www.carletonlodge465.com/sites/carletonlodge465.com/files/images/installation_2.thumbnail.jpg,yes,yes,history/archive/legacy-owned/originals/installations/installation_2.thumbnail.jpg,history/archive/legacy-owned/curated/installations/installation-ceremony-02.jpg,2711,026af15d7e3fef1916f80f365d20cd2c48bee3289011ba48ca05cdba3db49e74
installation_3.thumbnail.jpg,installation-ceremony-03.jpg,installations,Installation ceremony: a line of members in regalia holding framed presentations. 100px thumbnail.,,,Archived Carleton Lodge No. 465 website,http://www.carletonlodge465.com/sites/carletonlodge465.com/files/images/installation_3.thumbnail.jpg,https://web.archive.org/web/20160527174314id_/http://www.carletonlodge465.com/sites/carletonlodge465.com/files/images/installation_3.thumbnail.jpg,yes,yes,history/archive/legacy-owned/originals/installations/installation_3.thumbnail.jpg,history/archive/legacy-owned/curated/installations/installation-ceremony-03.jpg,1853,8dbaf21108713be49c4230279a3ad47357b59c83f3bf92fb120cb57d19f82463
installation_4.thumbnail.jpg,installation-ceremony-04.jpg,installations,Installation ceremony: three members in Grand Lodge regalia holding framed presentations. 100px thumbnail.,,,Archived Carleton Lodge No. 465 website,http://www.carletonlodge465.com/sites/carletonlodge465.com/files/images/installation_4.thumbnail.jpg,https://web.archive.org/web/20160527180827id_/http://www.carletonlodge465.com/sites/carletonlodge465.com/files/images/installation_4.thumbnail.jpg,yes,yes,history/archive/legacy-owned/originals/installations/installation_4.thumbnail.jpg,history/archive/legacy-owned/curated/installations/installation-ceremony-04.jpg,2499,22bc20d705dd80418a92d0517faa23924d20f51d1c03e898b83dcf4a424fc8aa
installation_5.thumbnail.jpg,installation-ceremony-05.jpg,installations,"Installation ceremony: two members in regalia, one holding a framed presentation. 100px thumbnail.",,,Archived Carleton Lodge No. 465 website,http://www.carletonlodge465.com/sites/carletonlodge465.com/files/images/installation_5.thumbnail.jpg,https://web.archive.org/web/20160527164235id_/http://www.carletonlodge465.com/sites/carletonlodge465.com/files/images/installation_5.thumbnail.jpg,yes,yes,history/archive/legacy-owned/originals/installations/installation_5.thumbnail.jpg,history/archive/legacy-owned/curated/installations/installation-ceremony-05.jpg,1732,1b7d047d3674d337e4521b395907dbd437e36ef6f3f4767ee4175a4c70383b2a
installation_7.thumbnail.jpg,installation-ceremony-07.jpg,installations,Installation ceremony: two members in light-blue collars holding framed presentations. 100px thumbnail.,,,Archived Carleton Lodge No. 465 website,http://www.carletonlodge465.com/sites/carletonlodge465.com/files/images/installation_7.thumbnail.jpg,https://web.archive.org/web/20160527183400id_/http://www.carletonlodge465.com/sites/carletonlodge465.com/files/images/installation_7.thumbnail.jpg,yes,yes,history/archive/legacy-owned/originals/installations/installation_7.thumbnail.jpg,history/archive/legacy-owned/curated/installations/installation-ceremony-07.jpg,2236,a48d5138d2196da68adf130163783ba29685713f36b0439f51b43b6f4ae07eb1
installation_8.thumbnail.jpg,installation-ceremony-08.jpg,installations,"Installation ceremony: two members, one in regalia holding a framed presentation. 100px thumbnail.",,,Archived Carleton Lodge No. 465 website,http://www.carletonlodge465.com/sites/carletonlodge465.com/files/images/installation_8.thumbnail.jpg,https://web.archive.org/web/20160527132501id_/http://www.carletonlodge465.com/sites/carletonlodge465.com/files/images/installation_8.thumbnail.jpg,yes,yes,history/archive/legacy-owned/originals/installations/installation_8.thumbnail.jpg,history/archive/legacy-owned/curated/installations/installation-ceremony-08.jpg,1549,f1345a5793a9e4f069f79b735faa2d57a42f32ba23defb2db01a87d75faabfa5
dscn0037.jpg,lodge-room-interior-and-assembly-2014-11-27.jpg,lodge-interior,"Full Lodge room interior at 3595x2276 — the highest-quality image recovered. Shows the black-and-white chequered mosaic pavement, three turned wooden columns on stepped plinths carrying brass candle lights, the panelled oak pedestal with red velvet cushion and open Volume of the Sacred Law surmounted by square and compasses, a red velvet kneeling bench with Gothic arcade carving, a model of Jacob's Ladder, and a large assembly of members and visiting dignitaries in Grand Lodge regalia. Framed portraits, the Lodge charter and wall plaques are visible behind.",2014-11-27 (EXIF DateTimeOriginal),,Archived Carleton Lodge No. 465 website,http://carletonlodge465.com/sites/carletonlodge465.com/files/images/dscn0037.jpg,https://web.archive.org/web/20150826072218id_/http://carletonlodge465.com/sites/carletonlodge465.com/files/images/dscn0037.jpg,yes,yes,history/archive/legacy-owned/originals/lodge-interior/dscn0037.jpg,history/archive/legacy-owned/curated/lodge-interior/lodge-room-interior-and-assembly-2014-11-27.jpg,445855,b0b33e733bbaac422d1113d54a73da3fd2d17771de2ca29ee5755b0e63887eb0
dscn0037.preview.jpg,,lodge-interior,640x405 derivative of dscn0037.jpg. Superseded by the full-resolution original.,2014-11-27 (EXIF DateTimeOriginal),,Archived Carleton Lodge No. 465 website,http://carletonlodge465.com/sites/carletonlodge465.com/files/images/dscn0037.preview.jpg,https://web.archive.org/web/20150802234732id_/http://carletonlodge465.com/sites/carletonlodge465.com/files/images/dscn0037.preview.jpg,yes,no,history/archive/legacy-owned/originals/lodge-interior/dscn0037.preview.jpg,,59412,7d7bc1d76f9d3e525b32d5bbd17a2fe0e6f8c9b4b73ad0ca77464617697aa72f
gallery-cover-2017.jpg,lodge-room-officers-and-visitors.jpg,lodge-interior,"Group of officers and visiting dignitaries in Grand Lodge regalia standing in the Lodge room, with framed portraits, framed documents and the carved Master's chair visible behind.",,,Archived Carleton Lodge No. 465 website,https://carletonlodge465.com/index.php/photos/img?js=0&format=raw&w=600&h=400&id=12:2017,https://web.archive.org/web/20251009174256id_/https://carletonlodge465.com/index.php/photos/img?js=0&format=raw&w=600&h=400&id=12:2017,yes,yes,history/archive/legacy-owned/originals/lodge-interior/gallery-cover-2017.jpg,history/archive/legacy-owned/curated/lodge-interior/lodge-room-officers-and-visitors.jpg,37737,915393a6c49c65074a66491bda6a00c36e877a4f03e493c2d9316c6db30a8673
gallery-cover-2022.jpg,lodge-room-interior-with-members.jpg,lodge-interior,"Lodge room interior with members assembled around the room in regalia, showing the chequered pavement, the pedestal, the columns and the letter G mounted on the far wall.",,,Archived Carleton Lodge No. 465 website,https://carletonlodge465.com/index.php/photos/img?js=0&format=raw&w=600&h=400&id=5:2022,https://web.archive.org/web/20251010062533id_/https://carletonlodge465.com/index.php/photos/img?js=0&format=raw&w=600&h=400&id=5:2022,yes,yes,history/archive/legacy-owned/originals/lodge-interior/gallery-cover-2022.jpg,history/archive/legacy-owned/curated/lodge-interior/lodge-room-interior-with-members.jpg,39903,ea4dd912478a34333ea0d25ca0054a264a1935f2052cca82143e3ac49bdd559a
the_desk_and_the_north.thumbnail.jpg,lodge-room-the-north.jpg,lodge-interior,"Lodge room, the North: two members in regalia at a desk/pedestal, framed pictures and a large framed item on the wall behind. 100px archived thumbnail — no larger capture exists.",,,Archived Carleton Lodge No. 465 website,http://www.carletonlodge465.com/sites/carletonlodge465.com/files/images/the_desk_and_the_north.thumbnail.jpg,https://web.archive.org/web/20160527130324id_/http://www.carletonlodge465.com/sites/carletonlodge465.com/files/images/the_desk_and_the_north.thumbnail.jpg,yes,yes,history/archive/legacy-owned/originals/lodge-interior/the_desk_and_the_north.thumbnail.jpg,history/archive/legacy-owned/curated/lodge-interior/lodge-room-the-north.jpg,2767,5d5ddf2b964254116b7d7d9545890687391c54cf835d0336a60b79883606af79
the_lights.thumbnail.jpg,lodge-room-the-lesser-lights.jpg,lodge-interior,"Lodge room showing the three turned wooden columns carrying the lesser lights, the pedestal with red cushion, and the chequered mosaic pavement. 100px archived thumbnail.",,,Archived Carleton Lodge No. 465 website,http://www.carletonlodge465.com/sites/carletonlodge465.com/files/images/the_lights.thumbnail.jpg,https://web.archive.org/web/20150826033638id_/http://www.carletonlodge465.com/sites/carletonlodge465.com/files/images/the_lights.thumbnail.jpg,yes,yes,history/archive/legacy-owned/originals/lodge-interior/the_lights.thumbnail.jpg,history/archive/legacy-owned/curated/lodge-interior/lodge-room-the-lesser-lights.jpg,3694,b58f117702efbb5efea69e1aa8720749d6698cf78ff3cc49a6db343be55b3c4b
the_south.thumbnail.jpg,lodge-room-the-south.jpg,lodge-interior,"Lodge room, the South: a member in regalia standing at a pedestal beside a tall staff/column, with a wall hanging behind. 100px archived thumbnail.",,,Archived Carleton Lodge No. 465 website,http://www.carletonlodge465.com/sites/carletonlodge465.com/files/images/the_south.thumbnail.jpg,https://web.archive.org/web/20160527180722id_/http://www.carletonlodge465.com/sites/carletonlodge465.com/files/images/the_south.thumbnail.jpg,yes,yes,history/archive/legacy-owned/originals/lodge-interior/the_south.thumbnail.jpg,history/archive/legacy-owned/curated/lodge-interior/lodge-room-the-south.jpg,2646,230cfc813065f41534b323ecc0bbe66a0620c19e044f01ae36858b4d4e402248
the_west.thumbnail.jpg,lodge-room-the-west.jpg,lodge-interior,"Lodge room, the West: three members in regalia standing behind a wooden pedestal, framed pictures and a wall clock behind. 100px archived thumbnail.",,,Archived Carleton Lodge No. 465 website,http://www.carletonlodge465.com/sites/carletonlodge465.com/files/images/the_west.thumbnail.jpg,https://web.archive.org/web/20150826073212id_/http://www.carletonlodge465.com/sites/carletonlodge465.com/files/images/the_west.thumbnail.jpg,yes,yes,history/archive/legacy-owned/originals/lodge-interior/the_west.thumbnail.jpg,history/archive/legacy-owned/curated/lodge-interior/lodge-room-the-west.jpg,2959,a2a683c79e5790b6abe0833a1536505076a496bfea237e892bd9c293373dabb5
the_worshipful_master.thumbnail.jpg,lodge-room-worshipful-masters-station.jpg,lodge-interior,"Lodge room, the Worshipful Master's station: a member in Master's regalia standing before the blue hanging and framed items of the East. 100px archived thumbnail.",,,Archived Carleton Lodge No. 465 website,http://www.carletonlodge465.com/sites/carletonlodge465.com/files/images/the_worshipful_master.thumbnail.jpg,https://web.archive.org/web/20150826071225id_/http://www.carletonlodge465.com/sites/carletonlodge465.com/files/images/the_worshipful_master.thumbnail.jpg,yes,yes,history/archive/legacy-owned/originals/lodge-interior/the_worshipful_master.thumbnail.jpg,history/archive/legacy-owned/curated/lodge-interior/lodge-room-worshipful-masters-station.jpg,2777,1890615641b1a7090bf12b5f5e4ea6157d52ee31f5669481f9cd08cee3e5a26f
cb_ba_pt_st.thumbnail.jpg,,lodge-meetings-visits,Officers seated in the Lodge room in regalia beside the panelled woodwork. Filename is an unexplained abbreviation. 100px thumbnail.,,,Archived Carleton Lodge No. 465 website,http://www.carletonlodge465.com/sites/carletonlodge465.com/files/images/cb_ba_pt_st.thumbnail.jpg,https://web.archive.org/web/20150826032341id_/http://www.carletonlodge465.com/sites/carletonlodge465.com/files/images/cb_ba_pt_st.thumbnail.jpg,yes,yes,history/archive/legacy-owned/originals/lodge-meetings-visits/cb_ba_pt_st.thumbnail.jpg,,2681,7564384802fcc63114681d97faf934c15c4485ec330720707cfcb5667fa8da81
dscn0040.thumbnail.jpg,,lodge-meetings-visits,Members assembled in regalia in the Lodge room. 100px archived thumbnail; detail is limited.,,,Archived Carleton Lodge No. 465 website,http://carletonlodge465.com/sites/carletonlodge465.com/files/images/dscn0040.thumbnail.jpg,https://web.archive.org/web/20150825230644id_/http://carletonlodge465.com/sites/carletonlodge465.com/files/images/dscn0040.thumbnail.jpg,yes,yes,history/archive/legacy-owned/originals/lodge-meetings-visits/dscn0040.thumbnail.jpg,,1897,0720c58d25612fba619a68b8c560bedffc6cbd08e0cc50757eb10bacd98d2bd6
dscn0041.thumbnail.jpg,,lodge-meetings-visits,Members assembled in regalia in the Lodge room. 100px archived thumbnail; detail is limited.,,,Archived Carleton Lodge No. 465 website,http://carletonlodge465.com/sites/carletonlodge465.com/files/images/dscn0041.thumbnail.jpg,https://web.archive.org/web/20150825230504id_/http://carletonlodge465.com/sites/carletonlodge465.com/files/images/dscn0041.thumbnail.jpg,yes,yes,history/archive/legacy-owned/originals/lodge-meetings-visits/dscn0041.thumbnail.jpg,,1680,89726b504dcdd6261c35766606cf8811c9c8316644e274e085b79dbe87374997
dscn1887.thumbnail.jpg,,lodge-meetings-visits,Members assembled in regalia in the Lodge room. 100px archived thumbnail; detail is limited.,,,Archived Carleton Lodge No. 465 website,http://www.carletonlodge465.com/sites/carletonlodge465.com/files/images/dscn1887.thumbnail.jpg,https://web.archive.org/web/20150826093548id_/http://www.carletonlodge465.com/sites/carletonlodge465.com/files/images/dscn1887.thumbnail.jpg,yes,yes,history/archive/legacy-owned/originals/lodge-meetings-visits/dscn1887.thumbnail.jpg,,1763,970e5b6eda1f77ee8d3bcf1903a80eb7bb0cd8b2918fe2f2fc0d934eedefbb4f
dscn1890.thumbnail.jpg,,lodge-meetings-visits,Members assembled in regalia in the Lodge room. 100px archived thumbnail; detail is limited.,,,Archived Carleton Lodge No. 465 website,http://www.carletonlodge465.com/sites/carletonlodge465.com/files/images/dscn1890.thumbnail.jpg,https://web.archive.org/web/20150826070931id_/http://www.carletonlodge465.com/sites/carletonlodge465.com/files/images/dscn1890.thumbnail.jpg,yes,yes,history/archive/legacy-owned/originals/lodge-meetings-visits/dscn1890.thumbnail.jpg,,1819,3e518383b3ba7533bc21a5a78a555dd3843aab47390d0cca4d5eeda8e82e0a52
dscn1891.thumbnail.jpg,,lodge-meetings-visits,Members assembled in regalia in the Lodge room. 100px archived thumbnail; detail is limited.,,,Archived Carleton Lodge No. 465 website,http://www.carletonlodge465.com/sites/carletonlodge465.com/files/images/dscn1891.thumbnail.jpg,https://web.archive.org/web/20150826070639id_/http://www.carletonlodge465.com/sites/carletonlodge465.com/files/images/dscn1891.thumbnail.jpg,yes,yes,history/archive/legacy-owned/originals/lodge-meetings-visits/dscn1891.thumbnail.jpg,,1809,d5c03863dea35d7738f51771f601d3eac33c3f5e0e4a9ba371558a6851fedeee
dscn1893.thumbnail.jpg,,lodge-meetings-visits,Members assembled in regalia in the Lodge room. 100px archived thumbnail; detail is limited.,,,Archived Carleton Lodge No. 465 website,http://www.carletonlodge465.com/sites/carletonlodge465.com/files/images/dscn1893.thumbnail.jpg,https://web.archive.org/web/20150826075732id_/http://www.carletonlodge465.com/sites/carletonlodge465.com/files/images/dscn1893.thumbnail.jpg,yes,yes,history/archive/legacy-owned/originals/lodge-meetings-visits/dscn1893.thumbnail.jpg,,1980,965affda0eba73d1aaa489cd59c7d925df5c5b6291316df540367d6a9e826763
gallery-cover-2025.jpg,,lodge-meetings-visits,"Group of members and guests, some in Highland dress, standing behind a draped table in a red-curtained room. Venue and occasion are not established.",,,Archived Carleton Lodge No. 465 website,https://carletonlodge465.com/index.php/photos/img?js=0&format=raw&w=600&h=400&id=8:2025,https://web.archive.org/web/20251010055254id_/https://carletonlodge465.com/index.php/photos/img?js=0&format=raw&w=600&h=400&id=8:2025,yes,yes,history/archive/legacy-owned/originals/lodge-meetings-visits/gallery-cover-2025.jpg,,33708,8d2da07cbf52e2e3e3f11003080ccfb33489418afdcbaf8d0d0a435f7af7ff8e
img_0067m.jpg,lodge-assembly-panorama-2014-10-25.jpg,lodge-meetings-visits,Wide panoramic group photograph (1794x768) of members and visiting dignitaries in Grand Lodge regalia assembled in the Lodge room. The framed Lodge charter/warrant and a bronze memorial plaque are visible on the wall behind.,2014-10-25 (EXIF DateTimeOriginal),,Archived Carleton Lodge No. 465 website,http://carletonlodge465.com/sites/carletonlodge465.com/files/images/img_0067m.jpg,https://web.archive.org/web/20150825233730id_/http://carletonlodge465.com/sites/carletonlodge465.com/files/images/img_0067m.jpg,yes,yes,history/archive/legacy-owned/originals/lodge-meetings-visits/img_0067m.jpg,history/archive/legacy-owned/curated/lodge-meetings-visits/lodge-assembly-panorama-2014-10-25.jpg,525430,baff453120eaa12fb5705efd05cefbf2aeaf0cc566c34722411b1390cf301e9d
img_0067m.preview.jpg,,lodge-meetings-visits,640x274 derivative of img_0067m.jpg. Superseded by the full-resolution original.,2014-10-25 (EXIF DateTimeOriginal),,Archived Carleton Lodge No. 465 website,http://carletonlodge465.com/sites/carletonlodge465.com/files/images/img_0067m.preview.jpg,https://web.archive.org/web/20150802225626id_/http://carletonlodge465.com/sites/carletonlodge465.com/files/images/img_0067m.preview.jpg,yes,no,history/archive/legacy-owned/originals/lodge-meetings-visits/img_0067m.preview.jpg,,46023,dcc8b714c02f5619d98befdb8917a5b9b4febc39bbd0f7896b690be2c238f756
visiting_from_the_valley.thumbnail.jpg,visiting-brethren-from-the-valley.jpg,lodge-meetings-visits,"Several visitors seated in the Lodge room wearing wide-brimmed hats and regalia. Filename indicates a visitation described on the legacy site as ""visiting from the valley"". 100px thumbnail.",,,Archived Carleton Lodge No. 465 website,http://www.carletonlodge465.com/sites/carletonlodge465.com/files/images/visiting_from_the_valley.thumbnail.jpg,https://web.archive.org/web/20150826071214id_/http://www.carletonlodge465.com/sites/carletonlodge465.com/files/images/visiting_from_the_valley.thumbnail.jpg,yes,yes,history/archive/legacy-owned/originals/lodge-meetings-visits/visiting_from_the_valley.thumbnail.jpg,history/archive/legacy-owned/curated/lodge-meetings-visits/visiting-brethren-from-the-valley.jpg,2701,46e173fc32cb49e22134a44eda24312bf72644e80c39ab1daf6a138bb504ac22
EagleGoldTrans190.gif,,logos-legacy-graphics,"Double-headed eagle emblem with the motto ""DEUS MEUMQUE JUS"" — the device of the Ancient and Accepted Scottish Rite. THIRD-PARTY EMBLEM: this is the mark of another Masonic body, not a Carleton Lodge asset. The Lodge's ownership warrant does not extend to it.",,,Archived Carleton Lodge No. 465 website,http://www.carletonlodge465.com/sites/carletonlodge465.com/files/images/EagleGoldTrans190.gif,https://web.archive.org/web/20150826205051id_/http://www.carletonlodge465.com/sites/carletonlodge465.com/files/images/EagleGoldTrans190.gif,no,yes,history/archive/legacy-owned/originals/logos-legacy-graphics/EagleGoldTrans190.gif,,8429,00949d9c54d46c2076c1297717204b1e8a7b22e38b58498bc796e262b84d2e87
Leaf_SC_200W.gif,,logos-legacy-graphics,Red maple leaf charged with a square and compasses and the letter G. Generic Canadian Masonic device carried on the legacy site; origin and rights not established.,,,Archived Carleton Lodge No. 465 website,http://www.carletonlodge465.com/sites/carletonlodge465.com/files/images/Leaf_SC_200W.gif,https://web.archive.org/web/20150826204528id_/http://www.carletonlodge465.com/sites/carletonlodge465.com/files/images/Leaf_SC_200W.gif,no,yes,history/archive/legacy-owned/originals/logos-legacy-graphics/Leaf_SC_200W.gif,,10070,2583a3a148330b4f4722b0213c1187c408efcf5dd10529b1751b1c4237a2e064
Lodge-Logo.jpg,carleton-masonic-lodge-logo-banner.jpg,logos-legacy-graphics,"Legacy site banner logo: ""Carleton Masonic Lodge, No. 465 A.F. & A.M., Grand Lodge of Canada in the Province of Ontario"" with a pillared Masonic device at left.",,,Archived Carleton Lodge No. 465 website,https://carletonlodge465.com/images/site/Lodge-Logo.jpg,https://web.archive.org/web/20240901171656id_/https://carletonlodge465.com/images/site/Lodge-Logo.jpg,yes,no,history/archive/legacy-owned/originals/logos-legacy-graphics/Lodge-Logo.jpg,history/archive/legacy-owned/curated/logos-legacy-graphics/carleton-masonic-lodge-logo-banner.jpg,39802,4bba25299f1395d7f5882180a8924fe37804a7430c2555474187993fa72820d1
Shriners_0.png,,logos-legacy-graphics,"Scimitar, crescent and sphinx-head emblem of the Shriners. THIRD-PARTY EMBLEM: the mark of another organisation, not a Carleton Lodge asset.",,,Archived Carleton Lodge No. 465 website,http://www.carletonlodge465.com/sites/carletonlodge465.com/files/images/Shriners_0.png,https://web.archive.org/web/20150826201327id_/http://www.carletonlodge465.com/sites/carletonlodge465.com/files/images/Shriners_0.png,no,yes,history/archive/legacy-owned/originals/logos-legacy-graphics/Shriners_0.png,,28607,5651d44c663742defae59d0dfc6580143c52fc0da47e274b4c3c7dfcf39cf368
York_Rite.gif,,logos-legacy-graphics,"Composite roundel of the York Rite bodies. THIRD-PARTY EMBLEM: the mark of another Masonic body, not a Carleton Lodge asset.",,,Archived Carleton Lodge No. 465 website,http://www.carletonlodge465.com/sites/carletonlodge465.com/files/images/York_Rite.gif,https://web.archive.org/web/20150826200308id_/http://www.carletonlodge465.com/sites/carletonlodge465.com/files/images/York_Rite.gif,no,yes,history/archive/legacy-owned/originals/logos-legacy-graphics/York_Rite.gif,,10512,d244bbf4631eb36a0fc3f1d66944ae211fa876f4ccd43e5f89607dd36551e691
background_headerstrip.jpg,,logos-legacy-graphics,"Legacy site header background: a heavily blurred and stretched 2560x188 crop of a group photograph, used as a decorative backdrop. No usable detail.",,,Archived Carleton Lodge No. 465 website,https://carletonlodge465.com/images/site/background_headerstrip.jpg,https://web.archive.org/web/20240901010754id_/https://carletonlodge465.com/images/site/background_headerstrip.jpg,yes,no,history/archive/legacy-owned/originals/logos-legacy-graphics/background_headerstrip.jpg,,45291,66ef47b4781c85ee46cee74d49abf6e2da5fee93563bd5075c7f787551ef1563
carleton-lodge-logo.png,carleton-masonic-lodge-logo.png,logos-legacy-graphics,"Legacy site wordmark: ""Carleton Masonic Lodge, No. 465 A.F. & A.M., Grand Lodge of Canada in the Province of Ontario — Instituted January 12, 1904"", with a maple leaf at left and a pillared Masonic device at right. Largest and cleanest logo recovered (1158x262, PNG).",,,Archived Carleton Lodge No. 465 website,http://www.carletonlodge465.com/sites/carletonlodge465.com/files/images/carleton-lodge-logo.png,https://web.archive.org/web/20110201132028id_/http://www.carletonlodge465.com/sites/carletonlodge465.com/files/images/carleton-lodge-logo.png,yes,no,history/archive/legacy-owned/originals/logos-legacy-graphics/carleton-lodge-logo.png,history/archive/legacy-owned/curated/logos-legacy-graphics/carleton-masonic-lodge-logo.png,77972,1b6822d36ec39cc1f96bf70603b797190b4783c4910123a9da6e9fcf131de761
gallery-cover-2018.jpg,,logos-legacy-graphics,"Plain black-on-white square and compasses with the letter G. A generic Masonic device, not specific to Carleton Lodge.",,,Archived Carleton Lodge No. 465 website,https://carletonlodge465.com/index.php/photos/img?js=0&format=raw&w=600&h=400&id=1:2018,https://web.archive.org/web/20251009174221id_/https://carletonlodge465.com/index.php/photos/img?js=0&format=raw&w=600&h=400&id=1:2018,yes,no,history/archive/legacy-owned/originals/logos-legacy-graphics/gallery-cover-2018.jpg,,24998,41cdf591a479074c5b63d6407352dfa1a2ea08436efa0d78eca72c5b8a495275
gcStar.gif,,logos-legacy-graphics,"Five-pointed star emblem of the Order of the Eastern Star. THIRD-PARTY EMBLEM: the mark of another organisation, not a Carleton Lodge asset.",,,Archived Carleton Lodge No. 465 website,http://www.carletonlodge465.com/sites/carletonlodge465.com/files/images/gcStar.gif,https://web.archive.org/web/20150826200458id_/http://www.carletonlodge465.com/sites/carletonlodge465.com/files/images/gcStar.gif,no,yes,history/archive/legacy-owned/originals/logos-legacy-graphics/gcStar.gif,,8712,202042baaa4de72cce22aca024045ba48acc0dae1fbbfa0162d1bb88e23726bd
headerstrip.jpg,,logos-legacy-graphics,"Legacy site header strip: a narrow letterboxed crop of a group photograph of members in regalia in the Lodge room, used as a decorative page banner.",,,Archived Carleton Lodge No. 465 website,https://carletonlodge465.com/images/site/headerstrip.jpg,https://web.archive.org/web/20240901010657id_/https://carletonlodge465.com/images/site/headerstrip.jpg,yes,no,history/archive/legacy-owned/originals/logos-legacy-graphics/headerstrip.jpg,,66150,47b3fe566f8dc67942c6b793649d537562c93278c4879490313af750176e8e56
smilebox_2360079861.jpg,santa-parade-float-carleton-lodge.jpg,parades,"Carleton Lodge parade float on a snowy road: a red-canopied flatbed trailer with a decorated Christmas tree, candy canes, tinsel and a Santa figure, carrying riders in winter clothing. The banner reads ""CARLETON MASONIC LODGE No. 465 Carp Ont — www.CarletonLodge465.com — 2B1-ASK1"" beside a maple-leaf square-and-compasses emblem.",,,Archived Carleton Lodge No. 465 website,http://carletonlodge465.com/sites/carletonlodge465.com/files/images/smilebox_2360079861.jpg,https://web.archive.org/web/20150826035034id_/http://carletonlodge465.com/sites/carletonlodge465.com/files/images/smilebox_2360079861.jpg,yes,yes,history/archive/legacy-owned/originals/parades/smilebox_2360079861.jpg,history/archive/legacy-owned/curated/parades/santa-parade-float-carleton-lodge.jpg,264252,59ffaae284bb04b0ff12815b0d5385d47e1169f8bf572aa74c8a5c1d32af8299
smilebox_2360079861.preview.jpg,,parades,640x426 derivative of smilebox_2360079861.jpg. Superseded by the larger original.,,,Archived Carleton Lodge No. 465 website,http://carletonlodge465.com/sites/carletonlodge465.com/files/images/smilebox_2360079861.preview.jpg,https://web.archive.org/web/20150802230114id_/http://carletonlodge465.com/sites/carletonlodge465.com/files/images/smilebox_2360079861.preview.jpg,yes,no,history/archive/legacy-owned/originals/parades/smilebox_2360079861.preview.jpg,,62125,a44d1426c2d31e1c2963fba739436fea41c0a2e06133866ad080368b6109ebd4
wc_parade-1b.thumbnail.jpg,west-carleton-parade-01.jpg,parades,"Parade float decorated with garlands and figures, carrying riders in Santa hats, with a banner along the side. 100px archived thumbnail.",,,Archived Carleton Lodge No. 465 website,http://www.carletonlodge465.com/sites/carletonlodge465.com/files/images/wc_parade-1b.thumbnail.jpg,https://web.archive.org/web/20150826010422id_/http://www.carletonlodge465.com/sites/carletonlodge465.com/files/images/wc_parade-1b.thumbnail.jpg,yes,yes,history/archive/legacy-owned/originals/parades/wc_parade-1b.thumbnail.jpg,history/archive/legacy-owned/curated/parades/west-carleton-parade-01.jpg,3447,93c16d314652349076ba980159d2e7f78d23a598980611aeef41c2add3c9f7ef
wc_parade-2.thumbnail.jpg,west-carleton-parade-02.jpg,parades,"Parade float towed by a pickup truck along a snowy street, with spectators on the roadside. 100px archived thumbnail.",,,Archived Carleton Lodge No. 465 website,http://www.carletonlodge465.com/sites/carletonlodge465.com/files/images/wc_parade-2.thumbnail.jpg,https://web.archive.org/web/20150826010352id_/http://www.carletonlodge465.com/sites/carletonlodge465.com/files/images/wc_parade-2.thumbnail.jpg,yes,yes,history/archive/legacy-owned/originals/parades/wc_parade-2.thumbnail.jpg,history/archive/legacy-owned/curated/parades/west-carleton-parade-02.jpg,2409,8c65f6c3f62d1ff49188fce11f259944abf0712af18a6721d1cf98263a1e2c3f
wc_parade-3.thumbnail.jpg,west-carleton-parade-03.jpg,parades,Riders on the float in Santa hats and winter clothing waving to the crowd. 100px thumbnail.,,,Archived Carleton Lodge No. 465 website,http://www.carletonlodge465.com/sites/carletonlodge465.com/files/images/wc_parade-3.thumbnail.jpg,https://web.archive.org/web/20150826010427id_/http://www.carletonlodge465.com/sites/carletonlodge465.com/files/images/wc_parade-3.thumbnail.jpg,yes,yes,history/archive/legacy-owned/originals/parades/wc_parade-3.thumbnail.jpg,history/archive/legacy-owned/curated/parades/west-carleton-parade-03.jpg,3697,616f2d53c303cc192d18af9311a37c01c6589dfd4220aeaea524b333c9c88946
wc_parade-4.thumbnail.jpg,west-carleton-parade-04.jpg,parades,Float seen from the side with the Lodge banner legible along the trailer. 100px thumbnail.,,,Archived Carleton Lodge No. 465 website,http://www.carletonlodge465.com/sites/carletonlodge465.com/files/images/wc_parade-4.thumbnail.jpg,https://web.archive.org/web/20150826005813id_/http://www.carletonlodge465.com/sites/carletonlodge465.com/files/images/wc_parade-4.thumbnail.jpg,yes,yes,history/archive/legacy-owned/originals/parades/wc_parade-4.thumbnail.jpg,history/archive/legacy-owned/curated/parades/west-carleton-parade-04.jpg,2826,e3921e845285d3eacbf4ff59a00220000e872d4285a845d2b002c517ebd4542b
wc_parade-5.thumbnail.jpg,west-carleton-parade-05.jpg,parades,Decorated float with Santa and Mrs Claus figures and children aboard. 100px thumbnail.,,,Archived Carleton Lodge No. 465 website,http://www.carletonlodge465.com/sites/carletonlodge465.com/files/images/wc_parade-5.thumbnail.jpg,https://web.archive.org/web/20150826005507id_/http://www.carletonlodge465.com/sites/carletonlodge465.com/files/images/wc_parade-5.thumbnail.jpg,yes,yes,history/archive/legacy-owned/originals/parades/wc_parade-5.thumbnail.jpg,history/archive/legacy-owned/curated/parades/west-carleton-parade-05.jpg,3410,e8d7b218b58737c04b70b7aa51cd098eca528c661d5d7ed81b93cdb3894a450c
wc_parade-6.thumbnail.jpg,west-carleton-parade-06.jpg,parades,Two men in winter coats standing beside the float and tow vehicle before the parade. 100px thumbnail.,,,Archived Carleton Lodge No. 465 website,http://www.carletonlodge465.com/sites/carletonlodge465.com/files/images/wc_parade-6.thumbnail.jpg,https://web.archive.org/web/20150826010010id_/http://www.carletonlodge465.com/sites/carletonlodge465.com/files/images/wc_parade-6.thumbnail.jpg,yes,yes,history/archive/legacy-owned/originals/parades/wc_parade-6.thumbnail.jpg,history/archive/legacy-owned/curated/parades/west-carleton-parade-06.jpg,2922,700073490d9866bf077d7fe7d146a1fbb676cf82c847c5dffe9af9b4095b2c1a
2014_wm_photo_small.jpg,worshipful-master-2014.jpg,people-past-masters,"Formal portrait of the Worshipful Master in Master's collar, jewel and apron against a plain backdrop.",2014 (filename); EXIF DateTimeOriginal 2014-08-14,Worshipful Master for 2014 — name not established by the archived material.,Archived Carleton Lodge No. 465 website,http://carletonlodge465.com/sites/carletonlodge465.com/files/images/2014_wm_photo_small.jpg,https://web.archive.org/web/20141219225546id_/http://carletonlodge465.com/sites/carletonlodge465.com/files/images/2014_wm_photo_small.jpg,yes,yes,history/archive/legacy-owned/originals/people-past-masters/2014_wm_photo_small.jpg,history/archive/legacy-owned/curated/people-past-masters/worshipful-master-2014.jpg,84261,30a41465520451c010d68c15a7fa6dabaabeb857ddb53083fb62f4954e3c07d4
dscn1896.thumbnail.jpg,,people-past-masters,"Two members in regalia side by side, one wearing a Grand Lodge collar with jewels. 100px thumbnail.",,,Archived Carleton Lodge No. 465 website,http://www.carletonlodge465.com/sites/carletonlodge465.com/files/images/dscn1896.thumbnail.jpg,https://web.archive.org/web/20150826071444id_/http://www.carletonlodge465.com/sites/carletonlodge465.com/files/images/dscn1896.thumbnail.jpg,yes,yes,history/archive/legacy-owned/originals/people-past-masters/dscn1896.thumbnail.jpg,,2415,b328e623114333208fabbe73ac1fad59a91048a176a6e1ad023bf04e5a61e91c
dscn1898-sm.jpg,member-with-gavel.jpg,people-past-masters,"A member in Master's collar and jewel holding a gavel, photographed against a light wall.",EXIF DateTimeOriginal 2013-06-27,Name not established.,Archived Carleton Lodge No. 465 website,http://carletonlodge465.com/sites/carletonlodge465.com/files/images/dscn1898-sm.jpg,https://web.archive.org/web/20140518211838id_/http://carletonlodge465.com/sites/carletonlodge465.com/files/images/dscn1898-sm.jpg,yes,yes,history/archive/legacy-owned/originals/people-past-masters/dscn1898-sm.jpg,history/archive/legacy-owned/curated/people-past-masters/member-with-gavel.jpg,71204,ef33a97d357105aa7c5807a77b0365b4a482e92b5d1ba5042d33ab506a7c34bf
rwbro_ray_grant.thumbnail.jpg,rw-bro-ray-grant.jpg,people-past-masters,A member in Grand Lodge regalia standing in the Lodge room holding a case or presentation. 100px archived thumbnail.,,Filename identifies the subject as RW Bro Ray Grant; the identification comes from the legacy filename and has not been independently confirmed.,Archived Carleton Lodge No. 465 website,http://www.carletonlodge465.com/sites/carletonlodge465.com/files/images/rwbro_ray_grant.thumbnail.jpg,https://web.archive.org/web/20150826034554id_/http://www.carletonlodge465.com/sites/carletonlodge465.com/files/images/rwbro_ray_grant.thumbnail.jpg,yes,yes,history/archive/legacy-owned/originals/people-past-masters/rwbro_ray_grant.thumbnail.jpg,history/archive/legacy-owned/curated/people-past-masters/rw-bro-ray-grant.jpg,2384,df6939927904a53006a92ae3c800819d6377c5f30595b07fbf43ae137e62890c
wm_blog_small.jpg,worshipful-master-in-chair.jpg,people-past-masters,"Worshipful Master seated in the carved wooden Master's chair, in collar and jewel, with papers on the pedestal before him. The chair's carved crest and finials are clearly visible.",EXIF DateTimeOriginal 2011-01-27,Name not established by the archived material.,Archived Carleton Lodge No. 465 website,http://www.carletonlodge465.com/sites/carletonlodge465.com/files/images/wm_blog_small.jpg,https://web.archive.org/web/20110201132100id_/http://www.carletonlodge465.com/sites/carletonlodge465.com/files/images/wm_blog_small.jpg,yes,yes,history/archive/legacy-owned/originals/people-past-masters/wm_blog_small.jpg,history/archive/legacy-owned/curated/people-past-masters/worshipful-master-in-chair.jpg,15080,12ad01b7b37d77ef046700a504e93e8e49b647d599a3a22a704c3c4b92cea4a5
freedomisnotfree_mod.jpg,cornerstone-time-capsule-2016-05-28.jpg,remembrance,"Close photograph of the engraved granite cornerstone, suspended on a lifting ring. Inscription reads: ""CARLETON LODGE No. 465 / A.F. & A.M. G.R.C. IN ON."" above a square and compasses with G, then ""CEMENTING OUR BROTHERLY LOVE WITH THOSE FROM WEST CARLETON WHO DIED TO REMIND US 'FREEDOM IS NOT FREE' / Cornerstone & Time Capsule Laid A.L. 6016 May 28 2016 A.D.""",2016-05-28 (from the inscription),,Archived Carleton Lodge No. 465 website,https://carletonlodge465.com/images/site/freedomisnotfree_mod.jpg,https://web.archive.org/web/20240901003232id_/https://carletonlodge465.com/images/site/freedomisnotfree_mod.jpg,yes,no,history/archive/legacy-owned/originals/remembrance/freedomisnotfree_mod.jpg,history/archive/legacy-owned/curated/remembrance/cornerstone-time-capsule-2016-05-28.jpg,195315,ff5d7d1f4d8727d6720691a5dc281c52b43a24ebf5c26dd87486b7887ac59597
gallery-cover-2016.jpg,cornerstone-time-capsule-2016-05-28-alt.jpg,remembrance,Alternate crop of the same engraved granite cornerstone and time capsule marker.,2016-05-28 (from the inscription),,Archived Carleton Lodge No. 465 website,https://carletonlodge465.com/index.php/photos/img?js=0&format=raw&w=600&h=400&id=15:2016,https://web.archive.org/web/20251009174231id_/https://carletonlodge465.com/index.php/photos/img?js=0&format=raw&w=600&h=400&id=15:2016,yes,no,history/archive/legacy-owned/originals/remembrance/gallery-cover-2016.jpg,history/archive/legacy-owned/curated/remembrance/cornerstone-time-capsule-2016-05-28-alt.jpg,38494,01c9f670457171dcbc67fa926d3246252d5e43f8006426bc11090a6af29fb4f7
gallery-cover-2023.jpg,,remembrance,"Outdoor group of members in Grand Lodge regalia and winter coats assembled by a flagpole in front of a multi-storey building. Occasion, location and date are not established.",,,Archived Carleton Lodge No. 465 website,https://carletonlodge465.com/index.php/photos/img?js=0&format=raw&w=600&h=400&id=6:2023,https://web.archive.org/web/20251009174327id_/https://carletonlodge465.com/index.php/photos/img?js=0&format=raw&w=600&h=400&id=6:2023,yes,yes,history/archive/legacy-owned/originals/remembrance/gallery-cover-2023.jpg,,64194,21a2e5a148ed1b1811612369a12f37a0ada28f024d5358172605b8c377f54297
gallery-cover-2019.jpg,,unknown-requires-identification,Close texture photograph of a coursed rubble stone wall. Used as a gallery cover image; the wall is not identified and may not be a Lodge property.,,,Archived Carleton Lodge No. 465 website,https://carletonlodge465.com/index.php/photos/img?js=0&format=raw&w=600&h=400&id=2:2019,https://web.archive.org/web/20251010171916id_/https://carletonlodge465.com/index.php/photos/img?js=0&format=raw&w=600&h=400&id=2:2019,yes,yes,history/archive/legacy-owned/originals/unknown-requires-identification/gallery-cover-2019.jpg,,67760,1fb1a622858f2ae544e5c54a3af06a4251f732a027d732cb9c6a3809d16a5bc9
