category,wayback_timestamp,original_url,wayback_download_url,suggested_filename,notes,local_path,status,bytes,sha256,error
site_asset,20240901010754,https://carletonlodge465.com/images/site/background_headerstrip.jpg,https://web.archive.org/web/20240901010754id_/https://carletonlodge465.com/images/site/background_headerstrip.jpg,background_headerstrip.jpg,Legacy site header background,recovered_images/site_asset/background_headerstrip.jpg,downloaded,45291,66ef47b4781c85ee46cee74d49abf6e2da5fee93563bd5075c7f787551ef1563,
site_asset,20240901003232,https://carletonlodge465.com/images/site/freedomisnotfree_mod.jpg,https://web.archive.org/web/20240901003232id_/https://carletonlodge465.com/images/site/freedomisnotfree_mod.jpg,freedomisnotfree_mod.jpg,Legacy remembrance image,recovered_images/site_asset/freedomisnotfree_mod.jpg,downloaded,195315,ff5d7d1f4d8727d6720691a5dc281c52b43a24ebf5c26dd87486b7887ac59597,
site_asset,20240901010657,https://carletonlodge465.com/images/site/headerstrip.jpg,https://web.archive.org/web/20240901010657id_/https://carletonlodge465.com/images/site/headerstrip.jpg,headerstrip.jpg,Legacy site header strip,recovered_images/site_asset/headerstrip.jpg,downloaded,66150,47b3fe566f8dc67942c6b793649d537562c93278c4879490313af750176e8e56,
site_asset,20240901171656,https://carletonlodge465.com/images/site/Lodge-Logo.jpg,https://web.archive.org/web/20240901171656id_/https://carletonlodge465.com/images/site/Lodge-Logo.jpg,Lodge-Logo.jpg,Legacy Lodge logo,recovered_images/site_asset/Lodge-Logo.jpg,downloaded,39802,4bba25299f1395d7f5882180a8924fe37804a7430c2555474187993fa72820d1,
site_asset,20241212011111,https://carletonlodge465.com/images/site/lodge-picture-3-sepia.jpg,https://web.archive.org/web/20241212011111id_/https://carletonlodge465.com/images/site/lodge-picture-3-sepia.jpg,lodge-picture-3-sepia.jpg,Legacy Lodge image; sepia treatment,recovered_images/site_asset/lodge-picture-3-sepia.jpg,downloaded,441428,03f3ab5f7d7766715b54b36908329059f5ebabf78b149fb908e6deddb0fd71a7,
site_asset,20110201132028,http://www.carletonlodge465.com/sites/carletonlodge465.com/files/images/carleton-lodge-logo.png,https://web.archive.org/web/20110201132028id_/http://www.carletonlodge465.com/sites/carletonlodge465.com/files/images/carleton-lodge-logo.png,carleton-lodge-logo.png,Older Drupal-era Lodge logo,recovered_images/site_asset/carleton-lodge-logo.png,downloaded,77972,1b6822d36ec39cc1f96bf70603b797190b4783c4910123a9da6e9fcf131de761,
building,20150825212557,http://www.carletonlodge465.com/sites/carletonlodge465.com/files/images/CarletonDirections.jpg,https://web.archive.org/web/20150825212557id_/http://www.carletonlodge465.com/sites/carletonlodge465.com/files/images/CarletonDirections.jpg,CarletonDirections.jpg,Legacy directions/map asset,recovered_images/building/CarletonDirections.jpg,downloaded,27617,3549f80065253d32a4c05fc863ce7f42f5b4c569709aeb518da960429be7ff19,
building,20150825212750,http://www.carletonlodge465.com/sites/carletonlodge465.com/files/images/CarletonLodge465%20building.jpg,https://web.archive.org/web/20150825212750id_/http://www.carletonlodge465.com/sites/carletonlodge465.com/files/images/CarletonLodge465%20building.jpg,CarletonLodge465-building.jpg,Authentic photograph of Carleton Lodge building,recovered_images/building/CarletonLodge465-building.jpg,downloaded,14336,59cb27698e4be664769d4eda2fa667568d3564af249a572c3b0d276c8c78e31a,
people,20141219225546,http://carletonlodge465.com/sites/carletonlodge465.com/files/images/2014_wm_photo_small.jpg,https://web.archive.org/web/20141219225546id_/http://carletonlodge465.com/sites/carletonlodge465.com/files/images/2014_wm_photo_small.jpg,2014_wm_photo_small.jpg,2014 Worshipful Master photograph,recovered_images/people/2014_wm_photo_small.jpg,downloaded,84261,30a41465520451c010d68c15a7fa6dabaabeb857ddb53083fb62f4954e3c07d4,
event,20140518211736,http://carletonlodge465.com/sites/carletonlodge465.com/files/images/arctic_char_signage_2014.preview.jpg,https://web.archive.org/web/20140518211736id_/http://carletonlodge465.com/sites/carletonlodge465.com/files/images/arctic_char_signage_2014.preview.jpg,arctic_char_signage_2014.preview.jpg,Arctic Char Dinner signage,recovered_images/event/arctic_char_signage_2014.preview.jpg,downloaded,65418,8ce5f1c55cefadcf0af5c09ae0badad0b6a8d60587a7a56f52b39c1a4986c73d,
event,20140518221723,http://carletonlodge465.com/sites/carletonlodge465.com/files/images/char-poster-2014.preview.jpg,https://web.archive.org/web/20140518221723id_/http://carletonlodge465.com/sites/carletonlodge465.com/files/images/char-poster-2014.preview.jpg,char-poster-2014.preview.jpg,Arctic Char Dinner poster,recovered_images/event/char-poster-2014.preview.jpg,downloaded,69544,4f42a9a8572b6801db38a6a4efd72db25f0790181d460b49d5170b1aef3732c1,
event,20150826072218,http://carletonlodge465.com/sites/carletonlodge465.com/files/images/dscn0037.jpg,https://web.archive.org/web/20150826072218id_/http://carletonlodge465.com/sites/carletonlodge465.com/files/images/dscn0037.jpg,dscn0037.jpg,Legacy Lodge/event photo; identify subject after review,recovered_images/event/dscn0037.jpg,downloaded,445855,b0b33e733bbaac422d1113d54a73da3fd2d17771de2ca29ee5755b0e63887eb0,
event,20150825230644,http://carletonlodge465.com/sites/carletonlodge465.com/files/images/dscn0040.thumbnail.jpg,https://web.archive.org/web/20150825230644id_/http://carletonlodge465.com/sites/carletonlodge465.com/files/images/dscn0040.thumbnail.jpg,dscn0040.thumbnail.jpg,Legacy Lodge/event photo thumbnail,recovered_images/event/dscn0040.thumbnail.jpg,downloaded,1897,0720c58d25612fba619a68b8c560bedffc6cbd08e0cc50757eb10bacd98d2bd6,
event,20150825230504,http://carletonlodge465.com/sites/carletonlodge465.com/files/images/dscn0041.thumbnail.jpg,https://web.archive.org/web/20150825230504id_/http://carletonlodge465.com/sites/carletonlodge465.com/files/images/dscn0041.thumbnail.jpg,dscn0041.thumbnail.jpg,Legacy Lodge/event photo thumbnail,recovered_images/event/dscn0041.thumbnail.jpg,downloaded,1680,89726b504dcdd6261c35766606cf8811c9c8316644e274e085b79dbe87374997,
event,20150826093548,http://www.carletonlodge465.com/sites/carletonlodge465.com/files/images/dscn1887.thumbnail.jpg,https://web.archive.org/web/20150826093548id_/http://www.carletonlodge465.com/sites/carletonlodge465.com/files/images/dscn1887.thumbnail.jpg,dscn1887.thumbnail.jpg,Legacy Lodge/event photo thumbnail,recovered_images/event/dscn1887.thumbnail.jpg,downloaded,1763,970e5b6eda1f77ee8d3bcf1903a80eb7bb0cd8b2918fe2f2fc0d934eedefbb4f,
event,20150826070931,http://www.carletonlodge465.com/sites/carletonlodge465.com/files/images/dscn1890.thumbnail.jpg,https://web.archive.org/web/20150826070931id_/http://www.carletonlodge465.com/sites/carletonlodge465.com/files/images/dscn1890.thumbnail.jpg,dscn1890.thumbnail.jpg,Legacy Lodge/event photo thumbnail,recovered_images/event/dscn1890.thumbnail.jpg,downloaded,1819,3e518383b3ba7533bc21a5a78a555dd3843aab47390d0cca4d5eeda8e82e0a52,
event,20150826070639,http://www.carletonlodge465.com/sites/carletonlodge465.com/files/images/dscn1891.thumbnail.jpg,https://web.archive.org/web/20150826070639id_/http://www.carletonlodge465.com/sites/carletonlodge465.com/files/images/dscn1891.thumbnail.jpg,dscn1891.thumbnail.jpg,Legacy Lodge/event photo thumbnail,recovered_images/event/dscn1891.thumbnail.jpg,downloaded,1809,d5c03863dea35d7738f51771f601d3eac33c3f5e0e4a9ba371558a6851fedeee,
event,20150826075732,http://www.carletonlodge465.com/sites/carletonlodge465.com/files/images/dscn1893.thumbnail.jpg,https://web.archive.org/web/20150826075732id_/http://www.carletonlodge465.com/sites/carletonlodge465.com/files/images/dscn1893.thumbnail.jpg,dscn1893.thumbnail.jpg,Legacy Lodge/event photo thumbnail,recovered_images/event/dscn1893.thumbnail.jpg,downloaded,1980,965affda0eba73d1aaa489cd59c7d925df5c5b6291316df540367d6a9e826763,
event,20150826071444,http://www.carletonlodge465.com/sites/carletonlodge465.com/files/images/dscn1896.thumbnail.jpg,https://web.archive.org/web/20150826071444id_/http://www.carletonlodge465.com/sites/carletonlodge465.com/files/images/dscn1896.thumbnail.jpg,dscn1896.thumbnail.jpg,Legacy Lodge/event photo thumbnail,recovered_images/event/dscn1896.thumbnail.jpg,downloaded,2415,b328e623114333208fabbe73ac1fad59a91048a176a6e1ad023bf04e5a61e91c,
event,20140518211838,http://carletonlodge465.com/sites/carletonlodge465.com/files/images/dscn1898-sm.jpg,https://web.archive.org/web/20140518211838id_/http://carletonlodge465.com/sites/carletonlodge465.com/files/images/dscn1898-sm.jpg,dscn1898-sm.jpg,Legacy Lodge/event photo,recovered_images/event/dscn1898-sm.jpg,downloaded,71204,ef33a97d357105aa7c5807a77b0365b4a482e92b5d1ba5042d33ab506a7c34bf,
event,20150825233730,http://carletonlodge465.com/sites/carletonlodge465.com/files/images/img_0067m.jpg,https://web.archive.org/web/20150825233730id_/http://carletonlodge465.com/sites/carletonlodge465.com/files/images/img_0067m.jpg,img_0067m.jpg,Legacy Lodge/event photo,recovered_images/event/img_0067m.jpg,downloaded,525430,baff453120eaa12fb5705efd05cefbf2aeaf0cc566c34722411b1390cf301e9d,
event,20150826014704,http://www.carletonlodge465.com/sites/carletonlodge465.com/files/images/img_5692.thumbnail.jpg,https://web.archive.org/web/20150826014704id_/http://www.carletonlodge465.com/sites/carletonlodge465.com/files/images/img_5692.thumbnail.jpg,img_5692.thumbnail.jpg,Legacy Lodge/event photo thumbnail,recovered_images/event/img_5692.thumbnail.jpg,downloaded,1377,c721d485eb6b66a7892b4daabd88972aaecdd9996b63f2de6c2bf6d072802aa7,
event,20160527164213,http://www.carletonlodge465.com/sites/carletonlodge465.com/files/images/img_5693.thumbnail.jpg,https://web.archive.org/web/20160527164213id_/http://www.carletonlodge465.com/sites/carletonlodge465.com/files/images/img_5693.thumbnail.jpg,img_5693.thumbnail.jpg,Legacy Lodge/event photo thumbnail,recovered_images/event/img_5693.thumbnail.jpg,downloaded,1696,727320c2acc7c96c6d6e7d17b044168f3014f5957f5fa261e9025558f92f3862,
event,20150826014515,http://www.carletonlodge465.com/sites/carletonlodge465.com/files/images/img_5695.thumbnail.jpg,https://web.archive.org/web/20150826014515id_/http://www.carletonlodge465.com/sites/carletonlodge465.com/files/images/img_5695.thumbnail.jpg,img_5695.thumbnail.jpg,Legacy Lodge/event photo thumbnail,recovered_images/event/img_5695.thumbnail.jpg,downloaded,2380,a02b20392c4110d4a13891c1923807aacde3a9888716ae2632f399948fe02a55,
event,20150826033451,http://www.carletonlodge465.com/sites/carletonlodge465.com/files/images/img_5698.thumbnail.jpg,https://web.archive.org/web/20150826033451id_/http://www.carletonlodge465.com/sites/carletonlodge465.com/files/images/img_5698.thumbnail.jpg,img_5698.thumbnail.jpg,Legacy Lodge/event photo thumbnail,recovered_images/event/img_5698.thumbnail.jpg,downloaded,1324,1ce394efbf1b2bd823fd7e837533054aa0e7df19eaeaf6c885ac4119864e7248,
event,20150826010637,http://www.carletonlodge465.com/sites/carletonlodge465.com/files/images/img_5700.thumbnail.jpg,https://web.archive.org/web/20150826010637id_/http://www.carletonlodge465.com/sites/carletonlodge465.com/files/images/img_5700.thumbnail.jpg,img_5700.thumbnail.jpg,Legacy Lodge/event photo thumbnail,recovered_images/event/img_5700.thumbnail.jpg,downloaded,2372,51aefeaad3502c7974fab339947674e3084720dfbf806a5e771080f063a16d68,
event,20160527120351,http://www.carletonlodge465.com/sites/carletonlodge465.com/files/images/img_5700_0.thumbnail.jpg,https://web.archive.org/web/20160527120351id_/http://www.carletonlodge465.com/sites/carletonlodge465.com/files/images/img_5700_0.thumbnail.jpg,img_5700_0.thumbnail.jpg,Legacy Lodge/event photo thumbnail,recovered_images/event/img_5700_0.thumbnail.jpg,downloaded,2372,51aefeaad3502c7974fab339947674e3084720dfbf806a5e771080f063a16d68,
event,20150826005806,http://www.carletonlodge465.com/sites/carletonlodge465.com/files/images/img_5705.thumbnail.jpg,https://web.archive.org/web/20150826005806id_/http://www.carletonlodge465.com/sites/carletonlodge465.com/files/images/img_5705.thumbnail.jpg,img_5705.thumbnail.jpg,Legacy Lodge/event photo thumbnail,recovered_images/event/img_5705.thumbnail.jpg,downloaded,1898,6dd032ac9ae994ee9dbf0f396a1f28bd7edb153abe862a1b8fd80a5beded2236,
event,20150826010104,http://www.carletonlodge465.com/sites/carletonlodge465.com/files/images/img_5706.thumbnail.jpg,https://web.archive.org/web/20150826010104id_/http://www.carletonlodge465.com/sites/carletonlodge465.com/files/images/img_5706.thumbnail.jpg,img_5706.thumbnail.jpg,Legacy Lodge/event photo thumbnail,recovered_images/event/img_5706.thumbnail.jpg,downloaded,1899,10e73e3178f780afbee4164c44fe70bf5094d584759e7551cdcd92d21ae2fa8c,
event,20150826011923,http://www.carletonlodge465.com/sites/carletonlodge465.com/files/images/img_5713.thumbnail.jpg,https://web.archive.org/web/20150826011923id_/http://www.carletonlodge465.com/sites/carletonlodge465.com/files/images/img_5713.thumbnail.jpg,img_5713.thumbnail.jpg,Legacy Lodge/event photo thumbnail,recovered_images/event/img_5713.thumbnail.jpg,downloaded,1637,4317d340b833d068e34ee9e62a9385d85d89af122c8b3275606d647e8ec2508d,
event,20150826011359,http://www.carletonlodge465.com/sites/carletonlodge465.com/files/images/img_5715.thumbnail.jpg,https://web.archive.org/web/20150826011359id_/http://www.carletonlodge465.com/sites/carletonlodge465.com/files/images/img_5715.thumbnail.jpg,img_5715.thumbnail.jpg,Legacy Lodge/event photo thumbnail,recovered_images/event/img_5715.thumbnail.jpg,downloaded,1389,7f8808a4b376ecba3ece069fdf270d4b42ee009a69dbf5f07c83be6c2c2d87d0,
event,20150826011656,http://www.carletonlodge465.com/sites/carletonlodge465.com/files/images/img_5716.thumbnail.jpg,https://web.archive.org/web/20150826011656id_/http://www.carletonlodge465.com/sites/carletonlodge465.com/files/images/img_5716.thumbnail.jpg,img_5716.thumbnail.jpg,Legacy Lodge/event photo thumbnail,recovered_images/event/img_5716.thumbnail.jpg,downloaded,1529,91cdceb2aeccbefbfe62efa20ca601c768f9c635638afa13ea909b63e5520796,
event,20150826015149,http://www.carletonlodge465.com/sites/carletonlodge465.com/files/images/img_5720.thumbnail.jpg,https://web.archive.org/web/20150826015149id_/http://www.carletonlodge465.com/sites/carletonlodge465.com/files/images/img_5720.thumbnail.jpg,img_5720.thumbnail.jpg,Legacy Lodge/event photo thumbnail,recovered_images/event/img_5720.thumbnail.jpg,downloaded,1114,6599c7ae20667c0ad50edbab2ae23fdfafced86d8e3da6da1d16b3a4726ce214,
event,20150826015127,http://www.carletonlodge465.com/sites/carletonlodge465.com/files/images/img_5723.thumbnail.jpg,https://web.archive.org/web/20150826015127id_/http://www.carletonlodge465.com/sites/carletonlodge465.com/files/images/img_5723.thumbnail.jpg,img_5723.thumbnail.jpg,Legacy Lodge/event photo thumbnail,recovered_images/event/img_5723.thumbnail.jpg,downloaded,1827,61b04f70efc8dd2229151699e0e969a072702e4f88c60d519dd1195a314d29b0,
event,20150826014819,http://www.carletonlodge465.com/sites/carletonlodge465.com/files/images/img_5728.thumbnail.jpg,https://web.archive.org/web/20150826014819id_/http://www.carletonlodge465.com/sites/carletonlodge465.com/files/images/img_5728.thumbnail.jpg,img_5728.thumbnail.jpg,Legacy Lodge/event photo thumbnail,recovered_images/event/img_5728.thumbnail.jpg,downloaded,1430,4c785d44be6b7b5b1550a6573a04bb7ec91ce0a289585d76f13ea88152a75d2c,
event,20150826033502,http://www.carletonlodge465.com/sites/carletonlodge465.com/files/images/img_5729.thumbnail.jpg,https://web.archive.org/web/20150826033502id_/http://www.carletonlodge465.com/sites/carletonlodge465.com/files/images/img_5729.thumbnail.jpg,img_5729.thumbnail.jpg,Legacy Lodge/event photo thumbnail,recovered_images/event/img_5729.thumbnail.jpg,downloaded,1219,ff2565a68c89d9153833878ef345e24dad226a3a62c4bb3a5c55f07e14b17716,
event,20160527124451,http://www.carletonlodge465.com/sites/carletonlodge465.com/files/images/img_5733.thumbnail.jpg,https://web.archive.org/web/20160527124451id_/http://www.carletonlodge465.com/sites/carletonlodge465.com/files/images/img_5733.thumbnail.jpg,img_5733.thumbnail.jpg,Legacy Lodge/event photo thumbnail,recovered_images/event/img_5733.thumbnail.jpg,downloaded,1648,89ab31fe594bdeb6d88ac7e1072e19e1c6fcb4f4f13ce23053a261c255e246f6,
event,20150826033440,http://www.carletonlodge465.com/sites/carletonlodge465.com/files/images/img_5734.thumbnail.jpg,https://web.archive.org/web/20150826033440id_/http://www.carletonlodge465.com/sites/carletonlodge465.com/files/images/img_5734.thumbnail.jpg,img_5734.thumbnail.jpg,Legacy Lodge/event photo thumbnail,recovered_images/event/img_5734.thumbnail.jpg,downloaded,1689,d2e0c21d67bd803995ebba3011fd5f474bd35439e363c296103c48eb137c264e,
event,20150826013922,http://www.carletonlodge465.com/sites/carletonlodge465.com/files/images/img_5736.thumbnail.jpg,https://web.archive.org/web/20150826013922id_/http://www.carletonlodge465.com/sites/carletonlodge465.com/files/images/img_5736.thumbnail.jpg,img_5736.thumbnail.jpg,Legacy Lodge/event photo thumbnail,recovered_images/event/img_5736.thumbnail.jpg,downloaded,2492,d0edc2fab222ea257fab1f69ac7b0c7e8b20d56c3c77ed47490583ec438681a9,
installation,20160527165926,http://www.carletonlodge465.com/sites/carletonlodge465.com/files/images/installation_1.thumbnail.jpg,https://web.archive.org/web/20160527165926id_/http://www.carletonlodge465.com/sites/carletonlodge465.com/files/images/installation_1.thumbnail.jpg,installation_1.thumbnail.jpg,Installation gallery,recovered_images/installation/installation_1.thumbnail.jpg,downloaded,2034,3939dacaea385ce558d4390b722a86722e7b9a036c81a667e84ba0cc86a75b76,
installation,20160527225442,http://www.carletonlodge465.com/sites/carletonlodge465.com/files/images/installation_2.thumbnail.jpg,https://web.archive.org/web/20160527225442id_/http://www.carletonlodge465.com/sites/carletonlodge465.com/files/images/installation_2.thumbnail.jpg,installation_2.thumbnail.jpg,Installation gallery,recovered_images/installation/installation_2.thumbnail.jpg,downloaded,2711,026af15d7e3fef1916f80f365d20cd2c48bee3289011ba48ca05cdba3db49e74,
installation,20160527174314,http://www.carletonlodge465.com/sites/carletonlodge465.com/files/images/installation_3.thumbnail.jpg,https://web.archive.org/web/20160527174314id_/http://www.carletonlodge465.com/sites/carletonlodge465.com/files/images/installation_3.thumbnail.jpg,installation_3.thumbnail.jpg,Installation gallery,recovered_images/installation/installation_3.thumbnail.jpg,downloaded,1853,8dbaf21108713be49c4230279a3ad47357b59c83f3bf92fb120cb57d19f82463,
installation,20160527180827,http://www.carletonlodge465.com/sites/carletonlodge465.com/files/images/installation_4.thumbnail.jpg,https://web.archive.org/web/20160527180827id_/http://www.carletonlodge465.com/sites/carletonlodge465.com/files/images/installation_4.thumbnail.jpg,installation_4.thumbnail.jpg,Installation gallery,recovered_images/installation/installation_4.thumbnail.jpg,downloaded,2499,22bc20d705dd80418a92d0517faa23924d20f51d1c03e898b83dcf4a424fc8aa,
installation,20160527164235,http://www.carletonlodge465.com/sites/carletonlodge465.com/files/images/installation_5.thumbnail.jpg,https://web.archive.org/web/20160527164235id_/http://www.carletonlodge465.com/sites/carletonlodge465.com/files/images/installation_5.thumbnail.jpg,installation_5.thumbnail.jpg,Installation gallery,recovered_images/installation/installation_5.thumbnail.jpg,downloaded,1732,1b7d047d3674d337e4521b395907dbd437e36ef6f3f4767ee4175a4c70383b2a,
installation,20160527183400,http://www.carletonlodge465.com/sites/carletonlodge465.com/files/images/installation_7.thumbnail.jpg,https://web.archive.org/web/20160527183400id_/http://www.carletonlodge465.com/sites/carletonlodge465.com/files/images/installation_7.thumbnail.jpg,installation_7.thumbnail.jpg,Installation gallery,recovered_images/installation/installation_7.thumbnail.jpg,downloaded,2236,a48d5138d2196da68adf130163783ba29685713f36b0439f51b43b6f4ae07eb1,
installation,20160527132501,http://www.carletonlodge465.com/sites/carletonlodge465.com/files/images/installation_8.thumbnail.jpg,https://web.archive.org/web/20160527132501id_/http://www.carletonlodge465.com/sites/carletonlodge465.com/files/images/installation_8.thumbnail.jpg,installation_8.thumbnail.jpg,Installation gallery,recovered_images/installation/installation_8.thumbnail.jpg,downloaded,1549,f1345a5793a9e4f069f79b735faa2d57a42f32ba23defb2db01a87d75faabfa5,
event,20160527164147,http://www.carletonlodge465.com/sites/carletonlodge465.com/files/images/p6260008_0.thumbnail.jpg,https://web.archive.org/web/20160527164147id_/http://www.carletonlodge465.com/sites/carletonlodge465.com/files/images/p6260008_0.thumbnail.jpg,p6260008_0.thumbnail.jpg,Legacy event gallery,recovered_images/event/p6260008_0.thumbnail.jpg,downloaded,2043,69136799b9dee2cd6550c1f8a0566af53b87d3754599335d38aca08ea5448c0d,
event,20160527164125,http://www.carletonlodge465.com/sites/carletonlodge465.com/files/images/p6260009.thumbnail.jpg,https://web.archive.org/web/20160527164125id_/http://www.carletonlodge465.com/sites/carletonlodge465.com/files/images/p6260009.thumbnail.jpg,p6260009.thumbnail.jpg,Legacy event gallery,recovered_images/event/p6260009.thumbnail.jpg,downloaded,1949,16e413af27a9667b644df4b70ee1dc9a233a4efe8b84a6c7239926de9561537a,
event,20160527110707,http://www.carletonlodge465.com/sites/carletonlodge465.com/files/images/p6260010.thumbnail.jpg,https://web.archive.org/web/20160527110707id_/http://www.carletonlodge465.com/sites/carletonlodge465.com/files/images/p6260010.thumbnail.jpg,p6260010.thumbnail.jpg,Legacy event gallery,recovered_images/event/p6260010.thumbnail.jpg,downloaded,1764,8af516fd2e2b2924c9d75b06347d70037a07c9010f461d936e075962b625bc60,
event,20160527110941,http://www.carletonlodge465.com/sites/carletonlodge465.com/files/images/p6260011.thumbnail.jpg,https://web.archive.org/web/20160527110941id_/http://www.carletonlodge465.com/sites/carletonlodge465.com/files/images/p6260011.thumbnail.jpg,p6260011.thumbnail.jpg,Legacy event gallery,recovered_images/event/p6260011.thumbnail.jpg,downloaded,1719,2b9af5eb93c5d25d1058f43cd538ab6d4c9aabc7a2b708d10dc69bd870b34f17,
event,20160527164817,http://www.carletonlodge465.com/sites/carletonlodge465.com/files/images/p6260012.thumbnail.jpg,https://web.archive.org/web/20160527164817id_/http://www.carletonlodge465.com/sites/carletonlodge465.com/files/images/p6260012.thumbnail.jpg,p6260012.thumbnail.jpg,Legacy event gallery,recovered_images/event/p6260012.thumbnail.jpg,downloaded,1368,9b28d6266c251b5d7821531e1349f5da611521468200a1ac3d2a8d598b98f26f,
event,20160527105638,http://www.carletonlodge465.com/sites/carletonlodge465.com/files/images/p6260013.thumbnail.jpg,https://web.archive.org/web/20160527105638id_/http://www.carletonlodge465.com/sites/carletonlodge465.com/files/images/p6260013.thumbnail.jpg,p6260013.thumbnail.jpg,Legacy event gallery,recovered_images/event/p6260013.thumbnail.jpg,downloaded,1804,aed2867a2a385deb79b2ffdf6faf9377200a977dd12717434bb5dedffb1cf75f,
event,20160527111532,http://www.carletonlodge465.com/sites/carletonlodge465.com/files/images/p6260014.thumbnail.jpg,https://web.archive.org/web/20160527111532id_/http://www.carletonlodge465.com/sites/carletonlodge465.com/files/images/p6260014.thumbnail.jpg,p6260014.thumbnail.jpg,Legacy event gallery,recovered_images/event/p6260014.thumbnail.jpg,downloaded,1896,47e5c25c38564047a24bf716fb1fb1c1d2e34eeea37d2f84659fae3848f3910b,
event,20160527112853,http://www.carletonlodge465.com/sites/carletonlodge465.com/files/images/p6260016.thumbnail.jpg,https://web.archive.org/web/20160527112853id_/http://www.carletonlodge465.com/sites/carletonlodge465.com/files/images/p6260016.thumbnail.jpg,p6260016.thumbnail.jpg,Legacy event gallery,recovered_images/event/p6260016.thumbnail.jpg,downloaded,1787,d95cf58e463dfc4302a25d8a0a1fd80a536701ce9dc3bb035da07159a9c3beb2,
event,20160527105147,http://www.carletonlodge465.com/sites/carletonlodge465.com/files/images/p6260018.thumbnail.jpg,https://web.archive.org/web/20160527105147id_/http://www.carletonlodge465.com/sites/carletonlodge465.com/files/images/p6260018.thumbnail.jpg,p6260018.thumbnail.jpg,Legacy event gallery,recovered_images/event/p6260018.thumbnail.jpg,downloaded,1787,4cfb23b1d09b24b08716b4971c2d95c8ce5b48ed6bf7c2abaa72a50a24838ef6,
event,20160527123929,http://www.carletonlodge465.com/sites/carletonlodge465.com/files/images/p6260020.thumbnail.jpg,https://web.archive.org/web/20160527123929id_/http://www.carletonlodge465.com/sites/carletonlodge465.com/files/images/p6260020.thumbnail.jpg,p6260020.thumbnail.jpg,Legacy event gallery,recovered_images/event/p6260020.thumbnail.jpg,downloaded,2613,4b5e923845f2769b9ae2e31f175d180e63033e01db4523b3c82b63829a7299eb,
people,20150826034554,http://www.carletonlodge465.com/sites/carletonlodge465.com/files/images/rwbro_ray_grant.thumbnail.jpg,https://web.archive.org/web/20150826034554id_/http://www.carletonlodge465.com/sites/carletonlodge465.com/files/images/rwbro_ray_grant.thumbnail.jpg,rwbro_ray_grant.thumbnail.jpg,R.W. Bro. Ray Grant,recovered_images/people/rwbro_ray_grant.thumbnail.jpg,downloaded,2384,df6939927904a53006a92ae3c800819d6377c5f30595b07fbf43ae137e62890c,
event,20150826035034,http://carletonlodge465.com/sites/carletonlodge465.com/files/images/smilebox_2360079861.jpg,https://web.archive.org/web/20150826035034id_/http://carletonlodge465.com/sites/carletonlodge465.com/files/images/smilebox_2360079861.jpg,smilebox_2360079861.jpg,Legacy event composite/photo,recovered_images/event/smilebox_2360079861.jpg,downloaded,264252,59ffaae284bb04b0ff12815b0d5385d47e1169f8bf572aa74c8a5c1d32af8299,
interior,20160527130324,http://www.carletonlodge465.com/sites/carletonlodge465.com/files/images/the_desk_and_the_north.thumbnail.jpg,https://web.archive.org/web/20160527130324id_/http://www.carletonlodge465.com/sites/carletonlodge465.com/files/images/the_desk_and_the_north.thumbnail.jpg,the_desk_and_the_north.thumbnail.jpg,Lodge room interior: desk/north,recovered_images/interior/the_desk_and_the_north.thumbnail.jpg,downloaded,2767,5d5ddf2b964254116b7d7d9545890687391c54cf835d0336a60b79883606af79,
interior,20150826033638,http://www.carletonlodge465.com/sites/carletonlodge465.com/files/images/the_lights.thumbnail.jpg,https://web.archive.org/web/20150826033638id_/http://www.carletonlodge465.com/sites/carletonlodge465.com/files/images/the_lights.thumbnail.jpg,the_lights.thumbnail.jpg,Lodge room interior: lighting,recovered_images/interior/the_lights.thumbnail.jpg,downloaded,3694,b58f117702efbb5efea69e1aa8720749d6698cf78ff3cc49a6db343be55b3c4b,
interior,20160527180722,http://www.carletonlodge465.com/sites/carletonlodge465.com/files/images/the_south.thumbnail.jpg,https://web.archive.org/web/20160527180722id_/http://www.carletonlodge465.com/sites/carletonlodge465.com/files/images/the_south.thumbnail.jpg,the_south.thumbnail.jpg,Lodge room interior: south,recovered_images/interior/the_south.thumbnail.jpg,downloaded,2646,230cfc813065f41534b323ecc0bbe66a0620c19e044f01ae36858b4d4e402248,
interior,20150826073212,http://www.carletonlodge465.com/sites/carletonlodge465.com/files/images/the_west.thumbnail.jpg,https://web.archive.org/web/20150826073212id_/http://www.carletonlodge465.com/sites/carletonlodge465.com/files/images/the_west.thumbnail.jpg,the_west.thumbnail.jpg,Lodge room interior: west,recovered_images/interior/the_west.thumbnail.jpg,downloaded,2959,a2a683c79e5790b6abe0833a1536505076a496bfea237e892bd9c293373dabb5,
interior,20150826071225,http://www.carletonlodge465.com/sites/carletonlodge465.com/files/images/the_worshipful_master.thumbnail.jpg,https://web.archive.org/web/20150826071225id_/http://www.carletonlodge465.com/sites/carletonlodge465.com/files/images/the_worshipful_master.thumbnail.jpg,the_worshipful_master.thumbnail.jpg,Lodge room / Worshipful Master's station,recovered_images/interior/the_worshipful_master.thumbnail.jpg,downloaded,2777,1890615641b1a7090bf12b5f5e4ea6157d52ee31f5669481f9cd08cee3e5a26f,
event,20150826071214,http://www.carletonlodge465.com/sites/carletonlodge465.com/files/images/visiting_from_the_valley.thumbnail.jpg,https://web.archive.org/web/20150826071214id_/http://www.carletonlodge465.com/sites/carletonlodge465.com/files/images/visiting_from_the_valley.thumbnail.jpg,visiting_from_the_valley.thumbnail.jpg,Visitation photo,recovered_images/event/visiting_from_the_valley.thumbnail.jpg,downloaded,2701,46e173fc32cb49e22134a44eda24312bf72644e80c39ab1daf6a138bb504ac22,
community,20150826010422,http://www.carletonlodge465.com/sites/carletonlodge465.com/files/images/wc_parade-1b.thumbnail.jpg,https://web.archive.org/web/20150826010422id_/http://www.carletonlodge465.com/sites/carletonlodge465.com/files/images/wc_parade-1b.thumbnail.jpg,wc_parade-1b.thumbnail.jpg,West Carleton parade,recovered_images/community/wc_parade-1b.thumbnail.jpg,downloaded,3447,93c16d314652349076ba980159d2e7f78d23a598980611aeef41c2add3c9f7ef,
community,20150826010352,http://www.carletonlodge465.com/sites/carletonlodge465.com/files/images/wc_parade-2.thumbnail.jpg,https://web.archive.org/web/20150826010352id_/http://www.carletonlodge465.com/sites/carletonlodge465.com/files/images/wc_parade-2.thumbnail.jpg,wc_parade-2.thumbnail.jpg,West Carleton parade,recovered_images/community/wc_parade-2.thumbnail.jpg,downloaded,2409,8c65f6c3f62d1ff49188fce11f259944abf0712af18a6721d1cf98263a1e2c3f,
community,20150826010427,http://www.carletonlodge465.com/sites/carletonlodge465.com/files/images/wc_parade-3.thumbnail.jpg,https://web.archive.org/web/20150826010427id_/http://www.carletonlodge465.com/sites/carletonlodge465.com/files/images/wc_parade-3.thumbnail.jpg,wc_parade-3.thumbnail.jpg,West Carleton parade,recovered_images/community/wc_parade-3.thumbnail.jpg,downloaded,3697,616f2d53c303cc192d18af9311a37c01c6589dfd4220aeaea524b333c9c88946,
community,20150826005813,http://www.carletonlodge465.com/sites/carletonlodge465.com/files/images/wc_parade-4.thumbnail.jpg,https://web.archive.org/web/20150826005813id_/http://www.carletonlodge465.com/sites/carletonlodge465.com/files/images/wc_parade-4.thumbnail.jpg,wc_parade-4.thumbnail.jpg,West Carleton parade,recovered_images/community/wc_parade-4.thumbnail.jpg,downloaded,2826,e3921e845285d3eacbf4ff59a00220000e872d4285a845d2b002c517ebd4542b,
community,20150826005507,http://www.carletonlodge465.com/sites/carletonlodge465.com/files/images/wc_parade-5.thumbnail.jpg,https://web.archive.org/web/20150826005507id_/http://www.carletonlodge465.com/sites/carletonlodge465.com/files/images/wc_parade-5.thumbnail.jpg,wc_parade-5.thumbnail.jpg,West Carleton parade,recovered_images/community/wc_parade-5.thumbnail.jpg,downloaded,3410,e8d7b218b58737c04b70b7aa51cd098eca528c661d5d7ed81b93cdb3894a450c,
community,20150826010010,http://www.carletonlodge465.com/sites/carletonlodge465.com/files/images/wc_parade-6.thumbnail.jpg,https://web.archive.org/web/20150826010010id_/http://www.carletonlodge465.com/sites/carletonlodge465.com/files/images/wc_parade-6.thumbnail.jpg,wc_parade-6.thumbnail.jpg,West Carleton parade,recovered_images/community/wc_parade-6.thumbnail.jpg,downloaded,2922,700073490d9866bf077d7fe7d146a1fbb676cf82c847c5dffe9af9b4095b2c1a,
people,20110201132100,http://www.carletonlodge465.com/sites/carletonlodge465.com/files/images/wm_blog_small.jpg,https://web.archive.org/web/20110201132100id_/http://www.carletonlodge465.com/sites/carletonlodge465.com/files/images/wm_blog_small.jpg,wm_blog_small.jpg,Legacy Worshipful Master's image,recovered_images/people/wm_blog_small.jpg,downloaded,15080,12ad01b7b37d77ef046700a504e93e8e49b647d599a3a22a704c3c4b92cea4a5,
gallery_cover,20251009174231,https://carletonlodge465.com/index.php/photos/img?js=0&format=raw&w=600&h=400&id=15:2016,https://web.archive.org/web/20251009174231id_/https://carletonlodge465.com/index.php/photos/img?js=0&format=raw&w=600&h=400&id=15:2016,gallery-cover-2016.jpg,2016 gallery cover,recovered_images/gallery_cover/gallery-cover-2016.jpg,downloaded,38494,01c9f670457171dcbc67fa926d3246252d5e43f8006426bc11090a6af29fb4f7,
gallery_cover,20251009174256,https://carletonlodge465.com/index.php/photos/img?js=0&format=raw&w=600&h=400&id=12:2017,https://web.archive.org/web/20251009174256id_/https://carletonlodge465.com/index.php/photos/img?js=0&format=raw&w=600&h=400&id=12:2017,gallery-cover-2017.jpg,2017 gallery cover,recovered_images/gallery_cover/gallery-cover-2017.jpg,downloaded,37737,915393a6c49c65074a66491bda6a00c36e877a4f03e493c2d9316c6db30a8673,
gallery_cover,20251009174221,https://carletonlodge465.com/index.php/photos/img?js=0&format=raw&w=600&h=400&id=1:2018,https://web.archive.org/web/20251009174221id_/https://carletonlodge465.com/index.php/photos/img?js=0&format=raw&w=600&h=400&id=1:2018,gallery-cover-2018.jpg,2018 gallery cover,recovered_images/gallery_cover/gallery-cover-2018.jpg,downloaded,24998,41cdf591a479074c5b63d6407352dfa1a2ea08436efa0d78eca72c5b8a495275,
gallery_cover,20251010171916,https://carletonlodge465.com/index.php/photos/img?js=0&format=raw&w=600&h=400&id=2:2019,https://web.archive.org/web/20251010171916id_/https://carletonlodge465.com/index.php/photos/img?js=0&format=raw&w=600&h=400&id=2:2019,gallery-cover-2019.jpg,2019 gallery cover,recovered_images/gallery_cover/gallery-cover-2019.jpg,downloaded,67760,1fb1a622858f2ae544e5c54a3af06a4251f732a027d732cb9c6a3809d16a5bc9,
gallery_cover,20251009174358,https://carletonlodge465.com/index.php/photos/img?js=0&format=raw&w=600&h=400&id=4:2021,https://web.archive.org/web/20251009174358id_/https://carletonlodge465.com/index.php/photos/img?js=0&format=raw&w=600&h=400&id=4:2021,gallery-cover-2021.jpg,2021 gallery cover,recovered_images/gallery_cover/gallery-cover-2021.jpg,downloaded,34713,87137b661aea8a8d8e94eb7edd4d02df48170851276a9ab5003fc4d7996426ff,
gallery_cover,20251010062533,https://carletonlodge465.com/index.php/photos/img?js=0&format=raw&w=600&h=400&id=5:2022,https://web.archive.org/web/20251010062533id_/https://carletonlodge465.com/index.php/photos/img?js=0&format=raw&w=600&h=400&id=5:2022,gallery-cover-2022.jpg,2022 gallery cover,recovered_images/gallery_cover/gallery-cover-2022.jpg,downloaded,39903,ea4dd912478a34333ea0d25ca0054a264a1935f2052cca82143e3ac49bdd559a,
gallery_cover,20251009174327,https://carletonlodge465.com/index.php/photos/img?js=0&format=raw&w=600&h=400&id=6:2023,https://web.archive.org/web/20251009174327id_/https://carletonlodge465.com/index.php/photos/img?js=0&format=raw&w=600&h=400&id=6:2023,gallery-cover-2023.jpg,2023 gallery cover,recovered_images/gallery_cover/gallery-cover-2023.jpg,downloaded,64194,21a2e5a148ed1b1811612369a12f37a0ada28f024d5358172605b8c377f54297,
gallery_cover,20251010055254,https://carletonlodge465.com/index.php/photos/img?js=0&format=raw&w=600&h=400&id=8:2025,https://web.archive.org/web/20251010055254id_/https://carletonlodge465.com/index.php/photos/img?js=0&format=raw&w=600&h=400&id=8:2025,gallery-cover-2025.jpg,2025 gallery cover,recovered_images/gallery_cover/gallery-cover-2025.jpg,downloaded,33708,8d2da07cbf52e2e3e3f11003080ccfb33489418afdcbaf8d0d0a435f7af7ff8e,
