category,filename,original_url,wayback_download_url,bytes,sha256
appendant_body,EagleGoldTrans190.gif,http://www.carletonlodge465.com/sites/carletonlodge465.com/files/images/EagleGoldTrans190.gif,https://web.archive.org/web/20150826205051id_/http://www.carletonlodge465.com/sites/carletonlodge465.com/files/images/EagleGoldTrans190.gif,8429,00949d9c54d46c2076c1297717204b1e8a7b22e38b58498bc796e262b84d2e87
appendant_body,Leaf_SC_200W.gif,http://www.carletonlodge465.com/sites/carletonlodge465.com/files/images/Leaf_SC_200W.gif,https://web.archive.org/web/20150826204528id_/http://www.carletonlodge465.com/sites/carletonlodge465.com/files/images/Leaf_SC_200W.gif,10070,2583a3a148330b4f4722b0213c1187c408efcf5dd10529b1751b1c4237a2e064
appendant_body,Shriners_0.png,http://www.carletonlodge465.com/sites/carletonlodge465.com/files/images/Shriners_0.png,https://web.archive.org/web/20150826201327id_/http://www.carletonlodge465.com/sites/carletonlodge465.com/files/images/Shriners_0.png,28607,5651d44c663742defae59d0dfc6580143c52fc0da47e274b4c3c7dfcf39cf368
appendant_body,York_Rite.gif,http://www.carletonlodge465.com/sites/carletonlodge465.com/files/images/York_Rite.gif,https://web.archive.org/web/20150826200308id_/http://www.carletonlodge465.com/sites/carletonlodge465.com/files/images/York_Rite.gif,10512,d244bbf4631eb36a0fc3f1d66944ae211fa876f4ccd43e5f89607dd36551e691
appendant_body,gcStar.gif,http://www.carletonlodge465.com/sites/carletonlodge465.com/files/images/gcStar.gif,https://web.archive.org/web/20150826200458id_/http://www.carletonlodge465.com/sites/carletonlodge465.com/files/images/gcStar.gif,8712,202042baaa4de72cce22aca024045ba48acc0dae1fbbfa0162d1bb88e23726bd
event,cb_ba_pt_st.thumbnail.jpg,http://www.carletonlodge465.com/sites/carletonlodge465.com/files/images/cb_ba_pt_st.thumbnail.jpg,https://web.archive.org/web/20150826032341id_/http://www.carletonlodge465.com/sites/carletonlodge465.com/files/images/cb_ba_pt_st.thumbnail.jpg,2681,7564384802fcc63114681d97faf934c15c4485ec330720707cfcb5667fa8da81
building,CarletonLodge465_building_spacevariant.jpg,http://www.carletonlodge465.com/sites/carletonlodge465.com/files/images/CarletonLodge465%20building.jpg,https://web.archive.org/web/20110201133655id_/http://www.carletonlodge465.com/sites/carletonlodge465.com/files/images/CarletonLodge465%20building.jpg,14336,59cb27698e4be664769d4eda2fa667568d3564af249a572c3b0d276c8c78e31a
event,dscn0037.preview.jpg,http://carletonlodge465.com/sites/carletonlodge465.com/files/images/dscn0037.preview.jpg,https://web.archive.org/web/20150802234732id_/http://carletonlodge465.com/sites/carletonlodge465.com/files/images/dscn0037.preview.jpg,59412,7d7bc1d76f9d3e525b32d5bbd17a2fe0e6f8c9b4b73ad0ca77464617697aa72f
event,img_0067m.preview.jpg,http://carletonlodge465.com/sites/carletonlodge465.com/files/images/img_0067m.preview.jpg,https://web.archive.org/web/20150802225626id_/http://carletonlodge465.com/sites/carletonlodge465.com/files/images/img_0067m.preview.jpg,46023,dcc8b714c02f5619d98befdb8917a5b9b4febc39bbd0f7896b690be2c238f756
event,smilebox_2360079861.preview.jpg,http://carletonlodge465.com/sites/carletonlodge465.com/files/images/smilebox_2360079861.preview.jpg,https://web.archive.org/web/20150802230114id_/http://carletonlodge465.com/sites/carletonlodge465.com/files/images/smilebox_2360079861.preview.jpg,62125,a44d1426c2d31e1c2963fba739436fea41c0a2e06133866ad080368b6109ebd4
