category,wayback_timestamp,original_url,wayback_download_url,suggested_filename,notes
site_asset,20240901010754,https://carletonlodge465.com/images/site/background_headerstrip.jpg,https://web.archive.org/web/20240901010754id_/https://carletonlodge465.com/images/site/background_headerstrip.jpg,background_headerstrip.jpg,Legacy site header background
site_asset,20240901003232,https://carletonlodge465.com/images/site/freedomisnotfree_mod.jpg,https://web.archive.org/web/20240901003232id_/https://carletonlodge465.com/images/site/freedomisnotfree_mod.jpg,freedomisnotfree_mod.jpg,Legacy remembrance image
site_asset,20240901010657,https://carletonlodge465.com/images/site/headerstrip.jpg,https://web.archive.org/web/20240901010657id_/https://carletonlodge465.com/images/site/headerstrip.jpg,headerstrip.jpg,Legacy site header strip
site_asset,20240901171656,https://carletonlodge465.com/images/site/Lodge-Logo.jpg,https://web.archive.org/web/20240901171656id_/https://carletonlodge465.com/images/site/Lodge-Logo.jpg,Lodge-Logo.jpg,Legacy Lodge logo
site_asset,20241212011111,https://carletonlodge465.com/images/site/lodge-picture-3-sepia.jpg,https://web.archive.org/web/20241212011111id_/https://carletonlodge465.com/images/site/lodge-picture-3-sepia.jpg,lodge-picture-3-sepia.jpg,Legacy Lodge image; sepia treatment
site_asset,20110201132028,http://www.carletonlodge465.com/sites/carletonlodge465.com/files/images/carleton-lodge-logo.png,https://web.archive.org/web/20110201132028id_/http://www.carletonlodge465.com/sites/carletonlodge465.com/files/images/carleton-lodge-logo.png,carleton-lodge-logo.png,Older Drupal-era Lodge logo
building,20150825212557,http://www.carletonlodge465.com/sites/carletonlodge465.com/files/images/CarletonDirections.jpg,https://web.archive.org/web/20150825212557id_/http://www.carletonlodge465.com/sites/carletonlodge465.com/files/images/CarletonDirections.jpg,CarletonDirections.jpg,Legacy directions/map asset
building,20150825212750,http://www.carletonlodge465.com/sites/carletonlodge465.com/files/images/CarletonLodge465%20building.jpg,https://web.archive.org/web/20150825212750id_/http://www.carletonlodge465.com/sites/carletonlodge465.com/files/images/CarletonLodge465%20building.jpg,CarletonLodge465-building.jpg,Authentic photograph of Carleton Lodge building
people,20141219225546,http://carletonlodge465.com/sites/carletonlodge465.com/files/images/2014_wm_photo_small.jpg,https://web.archive.org/web/20141219225546id_/http://carletonlodge465.com/sites/carletonlodge465.com/files/images/2014_wm_photo_small.jpg,2014_wm_photo_small.jpg,2014 Worshipful Master photograph
event,20140518211736,http://carletonlodge465.com/sites/carletonlodge465.com/files/images/arctic_char_signage_2014.preview.jpg,https://web.archive.org/web/20140518211736id_/http://carletonlodge465.com/sites/carletonlodge465.com/files/images/arctic_char_signage_2014.preview.jpg,arctic_char_signage_2014.preview.jpg,Arctic Char Dinner signage
event,20140518221723,http://carletonlodge465.com/sites/carletonlodge465.com/files/images/char-poster-2014.preview.jpg,https://web.archive.org/web/20140518221723id_/http://carletonlodge465.com/sites/carletonlodge465.com/files/images/char-poster-2014.preview.jpg,char-poster-2014.preview.jpg,Arctic Char Dinner poster
event,20150826072218,http://carletonlodge465.com/sites/carletonlodge465.com/files/images/dscn0037.jpg,https://web.archive.org/web/20150826072218id_/http://carletonlodge465.com/sites/carletonlodge465.com/files/images/dscn0037.jpg,dscn0037.jpg,Legacy Lodge/event photo; identify subject after review
event,20150825230644,http://carletonlodge465.com/sites/carletonlodge465.com/files/images/dscn0040.thumbnail.jpg,https://web.archive.org/web/20150825230644id_/http://carletonlodge465.com/sites/carletonlodge465.com/files/images/dscn0040.thumbnail.jpg,dscn0040.thumbnail.jpg,Legacy Lodge/event photo thumbnail
event,20150825230504,http://carletonlodge465.com/sites/carletonlodge465.com/files/images/dscn0041.thumbnail.jpg,https://web.archive.org/web/20150825230504id_/http://carletonlodge465.com/sites/carletonlodge465.com/files/images/dscn0041.thumbnail.jpg,dscn0041.thumbnail.jpg,Legacy Lodge/event photo thumbnail
event,20150826093548,http://www.carletonlodge465.com/sites/carletonlodge465.com/files/images/dscn1887.thumbnail.jpg,https://web.archive.org/web/20150826093548id_/http://www.carletonlodge465.com/sites/carletonlodge465.com/files/images/dscn1887.thumbnail.jpg,dscn1887.thumbnail.jpg,Legacy Lodge/event photo thumbnail
event,20150826070931,http://www.carletonlodge465.com/sites/carletonlodge465.com/files/images/dscn1890.thumbnail.jpg,https://web.archive.org/web/20150826070931id_/http://www.carletonlodge465.com/sites/carletonlodge465.com/files/images/dscn1890.thumbnail.jpg,dscn1890.thumbnail.jpg,Legacy Lodge/event photo thumbnail
event,20150826070639,http://www.carletonlodge465.com/sites/carletonlodge465.com/files/images/dscn1891.thumbnail.jpg,https://web.archive.org/web/20150826070639id_/http://www.carletonlodge465.com/sites/carletonlodge465.com/files/images/dscn1891.thumbnail.jpg,dscn1891.thumbnail.jpg,Legacy Lodge/event photo thumbnail
event,20150826075732,http://www.carletonlodge465.com/sites/carletonlodge465.com/files/images/dscn1893.thumbnail.jpg,https://web.archive.org/web/20150826075732id_/http://www.carletonlodge465.com/sites/carletonlodge465.com/files/images/dscn1893.thumbnail.jpg,dscn1893.thumbnail.jpg,Legacy Lodge/event photo thumbnail
event,20150826071444,http://www.carletonlodge465.com/sites/carletonlodge465.com/files/images/dscn1896.thumbnail.jpg,https://web.archive.org/web/20150826071444id_/http://www.carletonlodge465.com/sites/carletonlodge465.com/files/images/dscn1896.thumbnail.jpg,dscn1896.thumbnail.jpg,Legacy Lodge/event photo thumbnail
event,20140518211838,http://carletonlodge465.com/sites/carletonlodge465.com/files/images/dscn1898-sm.jpg,https://web.archive.org/web/20140518211838id_/http://carletonlodge465.com/sites/carletonlodge465.com/files/images/dscn1898-sm.jpg,dscn1898-sm.jpg,Legacy Lodge/event photo
event,20150825233730,http://carletonlodge465.com/sites/carletonlodge465.com/files/images/img_0067m.jpg,https://web.archive.org/web/20150825233730id_/http://carletonlodge465.com/sites/carletonlodge465.com/files/images/img_0067m.jpg,img_0067m.jpg,Legacy Lodge/event photo
event,20150826014704,http://www.carletonlodge465.com/sites/carletonlodge465.com/files/images/img_5692.thumbnail.jpg,https://web.archive.org/web/20150826014704id_/http://www.carletonlodge465.com/sites/carletonlodge465.com/files/images/img_5692.thumbnail.jpg,img_5692.thumbnail.jpg,Legacy Lodge/event photo thumbnail
event,20160527164213,http://www.carletonlodge465.com/sites/carletonlodge465.com/files/images/img_5693.thumbnail.jpg,https://web.archive.org/web/20160527164213id_/http://www.carletonlodge465.com/sites/carletonlodge465.com/files/images/img_5693.thumbnail.jpg,img_5693.thumbnail.jpg,Legacy Lodge/event photo thumbnail
event,20150826014515,http://www.carletonlodge465.com/sites/carletonlodge465.com/files/images/img_5695.thumbnail.jpg,https://web.archive.org/web/20150826014515id_/http://www.carletonlodge465.com/sites/carletonlodge465.com/files/images/img_5695.thumbnail.jpg,img_5695.thumbnail.jpg,Legacy Lodge/event photo thumbnail
event,20150826033451,http://www.carletonlodge465.com/sites/carletonlodge465.com/files/images/img_5698.thumbnail.jpg,https://web.archive.org/web/20150826033451id_/http://www.carletonlodge465.com/sites/carletonlodge465.com/files/images/img_5698.thumbnail.jpg,img_5698.thumbnail.jpg,Legacy Lodge/event photo thumbnail
event,20150826010637,http://www.carletonlodge465.com/sites/carletonlodge465.com/files/images/img_5700.thumbnail.jpg,https://web.archive.org/web/20150826010637id_/http://www.carletonlodge465.com/sites/carletonlodge465.com/files/images/img_5700.thumbnail.jpg,img_5700.thumbnail.jpg,Legacy Lodge/event photo thumbnail
event,20160527120351,http://www.carletonlodge465.com/sites/carletonlodge465.com/files/images/img_5700_0.thumbnail.jpg,https://web.archive.org/web/20160527120351id_/http://www.carletonlodge465.com/sites/carletonlodge465.com/files/images/img_5700_0.thumbnail.jpg,img_5700_0.thumbnail.jpg,Legacy Lodge/event photo thumbnail
event,20150826005806,http://www.carletonlodge465.com/sites/carletonlodge465.com/files/images/img_5705.thumbnail.jpg,https://web.archive.org/web/20150826005806id_/http://www.carletonlodge465.com/sites/carletonlodge465.com/files/images/img_5705.thumbnail.jpg,img_5705.thumbnail.jpg,Legacy Lodge/event photo thumbnail
event,20150826010104,http://www.carletonlodge465.com/sites/carletonlodge465.com/files/images/img_5706.thumbnail.jpg,https://web.archive.org/web/20150826010104id_/http://www.carletonlodge465.com/sites/carletonlodge465.com/files/images/img_5706.thumbnail.jpg,img_5706.thumbnail.jpg,Legacy Lodge/event photo thumbnail
event,20150826011923,http://www.carletonlodge465.com/sites/carletonlodge465.com/files/images/img_5713.thumbnail.jpg,https://web.archive.org/web/20150826011923id_/http://www.carletonlodge465.com/sites/carletonlodge465.com/files/images/img_5713.thumbnail.jpg,img_5713.thumbnail.jpg,Legacy Lodge/event photo thumbnail
event,20150826011359,http://www.carletonlodge465.com/sites/carletonlodge465.com/files/images/img_5715.thumbnail.jpg,https://web.archive.org/web/20150826011359id_/http://www.carletonlodge465.com/sites/carletonlodge465.com/files/images/img_5715.thumbnail.jpg,img_5715.thumbnail.jpg,Legacy Lodge/event photo thumbnail
event,20150826011656,http://www.carletonlodge465.com/sites/carletonlodge465.com/files/images/img_5716.thumbnail.jpg,https://web.archive.org/web/20150826011656id_/http://www.carletonlodge465.com/sites/carletonlodge465.com/files/images/img_5716.thumbnail.jpg,img_5716.thumbnail.jpg,Legacy Lodge/event photo thumbnail
event,20150826015149,http://www.carletonlodge465.com/sites/carletonlodge465.com/files/images/img_5720.thumbnail.jpg,https://web.archive.org/web/20150826015149id_/http://www.carletonlodge465.com/sites/carletonlodge465.com/files/images/img_5720.thumbnail.jpg,img_5720.thumbnail.jpg,Legacy Lodge/event photo thumbnail
event,20150826015127,http://www.carletonlodge465.com/sites/carletonlodge465.com/files/images/img_5723.thumbnail.jpg,https://web.archive.org/web/20150826015127id_/http://www.carletonlodge465.com/sites/carletonlodge465.com/files/images/img_5723.thumbnail.jpg,img_5723.thumbnail.jpg,Legacy Lodge/event photo thumbnail
event,20150826014819,http://www.carletonlodge465.com/sites/carletonlodge465.com/files/images/img_5728.thumbnail.jpg,https://web.archive.org/web/20150826014819id_/http://www.carletonlodge465.com/sites/carletonlodge465.com/files/images/img_5728.thumbnail.jpg,img_5728.thumbnail.jpg,Legacy Lodge/event photo thumbnail
event,20150826033502,http://www.carletonlodge465.com/sites/carletonlodge465.com/files/images/img_5729.thumbnail.jpg,https://web.archive.org/web/20150826033502id_/http://www.carletonlodge465.com/sites/carletonlodge465.com/files/images/img_5729.thumbnail.jpg,img_5729.thumbnail.jpg,Legacy Lodge/event photo thumbnail
event,20160527124451,http://www.carletonlodge465.com/sites/carletonlodge465.com/files/images/img_5733.thumbnail.jpg,https://web.archive.org/web/20160527124451id_/http://www.carletonlodge465.com/sites/carletonlodge465.com/files/images/img_5733.thumbnail.jpg,img_5733.thumbnail.jpg,Legacy Lodge/event photo thumbnail
event,20150826033440,http://www.carletonlodge465.com/sites/carletonlodge465.com/files/images/img_5734.thumbnail.jpg,https://web.archive.org/web/20150826033440id_/http://www.carletonlodge465.com/sites/carletonlodge465.com/files/images/img_5734.thumbnail.jpg,img_5734.thumbnail.jpg,Legacy Lodge/event photo thumbnail
event,20150826013922,http://www.carletonlodge465.com/sites/carletonlodge465.com/files/images/img_5736.thumbnail.jpg,https://web.archive.org/web/20150826013922id_/http://www.carletonlodge465.com/sites/carletonlodge465.com/files/images/img_5736.thumbnail.jpg,img_5736.thumbnail.jpg,Legacy Lodge/event photo thumbnail
installation,20160527165926,http://www.carletonlodge465.com/sites/carletonlodge465.com/files/images/installation_1.thumbnail.jpg,https://web.archive.org/web/20160527165926id_/http://www.carletonlodge465.com/sites/carletonlodge465.com/files/images/installation_1.thumbnail.jpg,installation_1.thumbnail.jpg,Installation gallery
installation,20160527225442,http://www.carletonlodge465.com/sites/carletonlodge465.com/files/images/installation_2.thumbnail.jpg,https://web.archive.org/web/20160527225442id_/http://www.carletonlodge465.com/sites/carletonlodge465.com/files/images/installation_2.thumbnail.jpg,installation_2.thumbnail.jpg,Installation gallery
installation,20160527174314,http://www.carletonlodge465.com/sites/carletonlodge465.com/files/images/installation_3.thumbnail.jpg,https://web.archive.org/web/20160527174314id_/http://www.carletonlodge465.com/sites/carletonlodge465.com/files/images/installation_3.thumbnail.jpg,installation_3.thumbnail.jpg,Installation gallery
installation,20160527180827,http://www.carletonlodge465.com/sites/carletonlodge465.com/files/images/installation_4.thumbnail.jpg,https://web.archive.org/web/20160527180827id_/http://www.carletonlodge465.com/sites/carletonlodge465.com/files/images/installation_4.thumbnail.jpg,installation_4.thumbnail.jpg,Installation gallery
installation,20160527164235,http://www.carletonlodge465.com/sites/carletonlodge465.com/files/images/installation_5.thumbnail.jpg,https://web.archive.org/web/20160527164235id_/http://www.carletonlodge465.com/sites/carletonlodge465.com/files/images/installation_5.thumbnail.jpg,installation_5.thumbnail.jpg,Installation gallery
installation,20160527183400,http://www.carletonlodge465.com/sites/carletonlodge465.com/files/images/installation_7.thumbnail.jpg,https://web.archive.org/web/20160527183400id_/http://www.carletonlodge465.com/sites/carletonlodge465.com/files/images/installation_7.thumbnail.jpg,installation_7.thumbnail.jpg,Installation gallery
installation,20160527132501,http://www.carletonlodge465.com/sites/carletonlodge465.com/files/images/installation_8.thumbnail.jpg,https://web.archive.org/web/20160527132501id_/http://www.carletonlodge465.com/sites/carletonlodge465.com/files/images/installation_8.thumbnail.jpg,installation_8.thumbnail.jpg,Installation gallery
event,20160527164147,http://www.carletonlodge465.com/sites/carletonlodge465.com/files/images/p6260008_0.thumbnail.jpg,https://web.archive.org/web/20160527164147id_/http://www.carletonlodge465.com/sites/carletonlodge465.com/files/images/p6260008_0.thumbnail.jpg,p6260008_0.thumbnail.jpg,Legacy event gallery
event,20160527164125,http://www.carletonlodge465.com/sites/carletonlodge465.com/files/images/p6260009.thumbnail.jpg,https://web.archive.org/web/20160527164125id_/http://www.carletonlodge465.com/sites/carletonlodge465.com/files/images/p6260009.thumbnail.jpg,p6260009.thumbnail.jpg,Legacy event gallery
event,20160527110707,http://www.carletonlodge465.com/sites/carletonlodge465.com/files/images/p6260010.thumbnail.jpg,https://web.archive.org/web/20160527110707id_/http://www.carletonlodge465.com/sites/carletonlodge465.com/files/images/p6260010.thumbnail.jpg,p6260010.thumbnail.jpg,Legacy event gallery
event,20160527110941,http://www.carletonlodge465.com/sites/carletonlodge465.com/files/images/p6260011.thumbnail.jpg,https://web.archive.org/web/20160527110941id_/http://www.carletonlodge465.com/sites/carletonlodge465.com/files/images/p6260011.thumbnail.jpg,p6260011.thumbnail.jpg,Legacy event gallery
event,20160527164817,http://www.carletonlodge465.com/sites/carletonlodge465.com/files/images/p6260012.thumbnail.jpg,https://web.archive.org/web/20160527164817id_/http://www.carletonlodge465.com/sites/carletonlodge465.com/files/images/p6260012.thumbnail.jpg,p6260012.thumbnail.jpg,Legacy event gallery
event,20160527105638,http://www.carletonlodge465.com/sites/carletonlodge465.com/files/images/p6260013.thumbnail.jpg,https://web.archive.org/web/20160527105638id_/http://www.carletonlodge465.com/sites/carletonlodge465.com/files/images/p6260013.thumbnail.jpg,p6260013.thumbnail.jpg,Legacy event gallery
event,20160527111532,http://www.carletonlodge465.com/sites/carletonlodge465.com/files/images/p6260014.thumbnail.jpg,https://web.archive.org/web/20160527111532id_/http://www.carletonlodge465.com/sites/carletonlodge465.com/files/images/p6260014.thumbnail.jpg,p6260014.thumbnail.jpg,Legacy event gallery
event,20160527112853,http://www.carletonlodge465.com/sites/carletonlodge465.com/files/images/p6260016.thumbnail.jpg,https://web.archive.org/web/20160527112853id_/http://www.carletonlodge465.com/sites/carletonlodge465.com/files/images/p6260016.thumbnail.jpg,p6260016.thumbnail.jpg,Legacy event gallery
event,20160527105147,http://www.carletonlodge465.com/sites/carletonlodge465.com/files/images/p6260018.thumbnail.jpg,https://web.archive.org/web/20160527105147id_/http://www.carletonlodge465.com/sites/carletonlodge465.com/files/images/p6260018.thumbnail.jpg,p6260018.thumbnail.jpg,Legacy event gallery
event,20160527123929,http://www.carletonlodge465.com/sites/carletonlodge465.com/files/images/p6260020.thumbnail.jpg,https://web.archive.org/web/20160527123929id_/http://www.carletonlodge465.com/sites/carletonlodge465.com/files/images/p6260020.thumbnail.jpg,p6260020.thumbnail.jpg,Legacy event gallery
people,20150826034554,http://www.carletonlodge465.com/sites/carletonlodge465.com/files/images/rwbro_ray_grant.thumbnail.jpg,https://web.archive.org/web/20150826034554id_/http://www.carletonlodge465.com/sites/carletonlodge465.com/files/images/rwbro_ray_grant.thumbnail.jpg,rwbro_ray_grant.thumbnail.jpg,R.W. Bro. Ray Grant
event,20150826035034,http://carletonlodge465.com/sites/carletonlodge465.com/files/images/smilebox_2360079861.jpg,https://web.archive.org/web/20150826035034id_/http://carletonlodge465.com/sites/carletonlodge465.com/files/images/smilebox_2360079861.jpg,smilebox_2360079861.jpg,Legacy event composite/photo
interior,20160527130324,http://www.carletonlodge465.com/sites/carletonlodge465.com/files/images/the_desk_and_the_north.thumbnail.jpg,https://web.archive.org/web/20160527130324id_/http://www.carletonlodge465.com/sites/carletonlodge465.com/files/images/the_desk_and_the_north.thumbnail.jpg,the_desk_and_the_north.thumbnail.jpg,Lodge room interior: desk/north
interior,20150826033638,http://www.carletonlodge465.com/sites/carletonlodge465.com/files/images/the_lights.thumbnail.jpg,https://web.archive.org/web/20150826033638id_/http://www.carletonlodge465.com/sites/carletonlodge465.com/files/images/the_lights.thumbnail.jpg,the_lights.thumbnail.jpg,Lodge room interior: lighting
interior,20160527180722,http://www.carletonlodge465.com/sites/carletonlodge465.com/files/images/the_south.thumbnail.jpg,https://web.archive.org/web/20160527180722id_/http://www.carletonlodge465.com/sites/carletonlodge465.com/files/images/the_south.thumbnail.jpg,the_south.thumbnail.jpg,Lodge room interior: south
interior,20150826073212,http://www.carletonlodge465.com/sites/carletonlodge465.com/files/images/the_west.thumbnail.jpg,https://web.archive.org/web/20150826073212id_/http://www.carletonlodge465.com/sites/carletonlodge465.com/files/images/the_west.thumbnail.jpg,the_west.thumbnail.jpg,Lodge room interior: west
interior,20150826071225,http://www.carletonlodge465.com/sites/carletonlodge465.com/files/images/the_worshipful_master.thumbnail.jpg,https://web.archive.org/web/20150826071225id_/http://www.carletonlodge465.com/sites/carletonlodge465.com/files/images/the_worshipful_master.thumbnail.jpg,the_worshipful_master.thumbnail.jpg,Lodge room / Worshipful Master's station
event,20150826071214,http://www.carletonlodge465.com/sites/carletonlodge465.com/files/images/visiting_from_the_valley.thumbnail.jpg,https://web.archive.org/web/20150826071214id_/http://www.carletonlodge465.com/sites/carletonlodge465.com/files/images/visiting_from_the_valley.thumbnail.jpg,visiting_from_the_valley.thumbnail.jpg,Visitation photo
community,20150826010422,http://www.carletonlodge465.com/sites/carletonlodge465.com/files/images/wc_parade-1b.thumbnail.jpg,https://web.archive.org/web/20150826010422id_/http://www.carletonlodge465.com/sites/carletonlodge465.com/files/images/wc_parade-1b.thumbnail.jpg,wc_parade-1b.thumbnail.jpg,West Carleton parade
community,20150826010352,http://www.carletonlodge465.com/sites/carletonlodge465.com/files/images/wc_parade-2.thumbnail.jpg,https://web.archive.org/web/20150826010352id_/http://www.carletonlodge465.com/sites/carletonlodge465.com/files/images/wc_parade-2.thumbnail.jpg,wc_parade-2.thumbnail.jpg,West Carleton parade
community,20150826010427,http://www.carletonlodge465.com/sites/carletonlodge465.com/files/images/wc_parade-3.thumbnail.jpg,https://web.archive.org/web/20150826010427id_/http://www.carletonlodge465.com/sites/carletonlodge465.com/files/images/wc_parade-3.thumbnail.jpg,wc_parade-3.thumbnail.jpg,West Carleton parade
community,20150826005813,http://www.carletonlodge465.com/sites/carletonlodge465.com/files/images/wc_parade-4.thumbnail.jpg,https://web.archive.org/web/20150826005813id_/http://www.carletonlodge465.com/sites/carletonlodge465.com/files/images/wc_parade-4.thumbnail.jpg,wc_parade-4.thumbnail.jpg,West Carleton parade
community,20150826005507,http://www.carletonlodge465.com/sites/carletonlodge465.com/files/images/wc_parade-5.thumbnail.jpg,https://web.archive.org/web/20150826005507id_/http://www.carletonlodge465.com/sites/carletonlodge465.com/files/images/wc_parade-5.thumbnail.jpg,wc_parade-5.thumbnail.jpg,West Carleton parade
community,20150826010010,http://www.carletonlodge465.com/sites/carletonlodge465.com/files/images/wc_parade-6.thumbnail.jpg,https://web.archive.org/web/20150826010010id_/http://www.carletonlodge465.com/sites/carletonlodge465.com/files/images/wc_parade-6.thumbnail.jpg,wc_parade-6.thumbnail.jpg,West Carleton parade
people,20110201132100,http://www.carletonlodge465.com/sites/carletonlodge465.com/files/images/wm_blog_small.jpg,https://web.archive.org/web/20110201132100id_/http://www.carletonlodge465.com/sites/carletonlodge465.com/files/images/wm_blog_small.jpg,wm_blog_small.jpg,Legacy Worshipful Master's image
gallery_cover,20251009174231,https://carletonlodge465.com/index.php/photos/img?js=0&format=raw&w=600&h=400&id=15:2016,https://web.archive.org/web/20251009174231id_/https://carletonlodge465.com/index.php/photos/img?js=0&format=raw&w=600&h=400&id=15:2016,gallery-cover-2016.jpg,2016 gallery cover
gallery_cover,20251009174256,https://carletonlodge465.com/index.php/photos/img?js=0&format=raw&w=600&h=400&id=12:2017,https://web.archive.org/web/20251009174256id_/https://carletonlodge465.com/index.php/photos/img?js=0&format=raw&w=600&h=400&id=12:2017,gallery-cover-2017.jpg,2017 gallery cover
gallery_cover,20251009174221,https://carletonlodge465.com/index.php/photos/img?js=0&format=raw&w=600&h=400&id=1:2018,https://web.archive.org/web/20251009174221id_/https://carletonlodge465.com/index.php/photos/img?js=0&format=raw&w=600&h=400&id=1:2018,gallery-cover-2018.jpg,2018 gallery cover
gallery_cover,20251010171916,https://carletonlodge465.com/index.php/photos/img?js=0&format=raw&w=600&h=400&id=2:2019,https://web.archive.org/web/20251010171916id_/https://carletonlodge465.com/index.php/photos/img?js=0&format=raw&w=600&h=400&id=2:2019,gallery-cover-2019.jpg,2019 gallery cover
gallery_cover,20251009174358,https://carletonlodge465.com/index.php/photos/img?js=0&format=raw&w=600&h=400&id=4:2021,https://web.archive.org/web/20251009174358id_/https://carletonlodge465.com/index.php/photos/img?js=0&format=raw&w=600&h=400&id=4:2021,gallery-cover-2021.jpg,2021 gallery cover
gallery_cover,20251010062533,https://carletonlodge465.com/index.php/photos/img?js=0&format=raw&w=600&h=400&id=5:2022,https://web.archive.org/web/20251010062533id_/https://carletonlodge465.com/index.php/photos/img?js=0&format=raw&w=600&h=400&id=5:2022,gallery-cover-2022.jpg,2022 gallery cover
gallery_cover,20251009174327,https://carletonlodge465.com/index.php/photos/img?js=0&format=raw&w=600&h=400&id=6:2023,https://web.archive.org/web/20251009174327id_/https://carletonlodge465.com/index.php/photos/img?js=0&format=raw&w=600&h=400&id=6:2023,gallery-cover-2023.jpg,2023 gallery cover
gallery_cover,20251010055254,https://carletonlodge465.com/index.php/photos/img?js=0&format=raw&w=600&h=400&id=8:2025,https://web.archive.org/web/20251010055254id_/https://carletonlodge465.com/index.php/photos/img?js=0&format=raw&w=600&h=400&id=8:2025,gallery-cover-2025.jpg,2025 gallery cover
